curve_id,pair_id,split,kind,archetype,GT,truth_T1_latent,truth_T1_observable,mean_reporting_delay,delay_median,r_pre,r_post,ramp_days,ascertainment,dispersion,imports,weekday_batch_fraction,zero_fraction
development_fast_respiratory_000_outbreak,development_fast_respiratory_000,development,outbreak,fast_respiratory,3.461472317054684,46.0,48.0,1.8916904740058558,2,0.8221654910513704,1.7029459872104535,7,0.387394090914024,18.845759996524166,0.7004149766156168,0.24254898543662312,0.08636363636363636
development_fast_respiratory_000_no_outbreak,development_fast_respiratory_000,development,no_outbreak,fast_respiratory,3.461472317054684,,,1.8916904740058558,2,0.8221654910513704,,7,0.387394090914024,18.845759996524166,0.7004149766156168,0.24254898543662312,0.33181818181818185
development_fast_respiratory_001_outbreak,development_fast_respiratory_001,development,outbreak,fast_respiratory,2.726219911360634,47.0,49.0,2.196040198450744,2,0.7910837116936104,1.6407717003748408,12,0.36277836798972873,11.349508702853315,0.8183268014254214,0.335745268107003,0.09090909090909091
development_fast_respiratory_001_no_outbreak,development_fast_respiratory_001,development,no_outbreak,fast_respiratory,2.726219911360634,,,2.196040198450744,2,0.7910837116936104,,12,0.36277836798972873,11.349508702853315,0.8183268014254214,0.335745268107003,0.2863636363636364
development_fast_respiratory_002_outbreak,development_fast_respiratory_002,development,outbreak,fast_respiratory,3.352974015878692,51.0,53.0,2.831037172947173,2,0.8046714194387435,1.862287287092688,12,0.5881339531729363,8.58052207565334,1.5037894921931831,0.2746751668381999,0.045454545454545456
development_fast_respiratory_002_no_outbreak,development_fast_respiratory_002,development,no_outbreak,fast_respiratory,3.352974015878692,,,2.831037172947173,2,0.8046714194387435,,12,0.5881339531729363,8.58052207565334,1.5037894921931831,0.2746751668381999,0.05
development_fast_respiratory_003_outbreak,development_fast_respiratory_003,development,outbreak,fast_respiratory,2.78883093284876,43.0,45.0,2.3195599366948407,2,0.7485720087317319,2.180850926330284,5,0.4106454170888634,11.487925861209792,1.5393816604427206,0.273499381173073,0.05
development_fast_respiratory_003_no_outbreak,development_fast_respiratory_003,development,no_outbreak,fast_respiratory,2.78883093284876,,,2.3195599366948407,2,0.7485720087317319,,5,0.4106454170888634,11.487925861209792,1.5393816604427206,0.273499381173073,0.07727272727272727
development_fast_respiratory_004_outbreak,development_fast_respiratory_004,development,outbreak,fast_respiratory,2.968156822934328,59.0,60.0,1.1160120124348232,1,0.7756101081496863,1.6610928518778192,9,0.6338390750358358,12.67564976995116,0.8555403866919233,0.13035648848099388,0.08636363636363636
development_fast_respiratory_004_no_outbreak,development_fast_respiratory_004,development,no_outbreak,fast_respiratory,2.968156822934328,,,1.1160120124348232,1,0.7756101081496863,,9,0.6338390750358358,12.67564976995116,0.8555403866919233,0.13035648848099388,0.08636363636363636
development_fast_respiratory_005_outbreak,development_fast_respiratory_005,development,outbreak,fast_respiratory,3.178006891235908,38.0,39.0,1.3280862097342458,1,0.7475626652241072,2.021694340899254,12,0.5304552197965855,24.01381880421108,1.786370021875998,0.2785526273244548,0.01818181818181818
development_fast_respiratory_005_no_outbreak,development_fast_respiratory_005,development,no_outbreak,fast_respiratory,3.178006891235908,,,1.3280862097342458,1,0.7475626652241072,,12,0.5304552197965855,24.01381880421108,1.786370021875998,0.2785526273244548,0.08636363636363636
development_fast_respiratory_006_outbreak,development_fast_respiratory_006,development,outbreak,fast_respiratory,3.065897752489545,59.0,61.0,1.7620721676669155,2,0.8500966807329327,1.7364509215131811,11,0.6518955614707205,15.177930877739028,1.5622987998984197,0.19203352416966207,0.004545454545454545
development_fast_respiratory_006_no_outbreak,development_fast_respiratory_006,development,no_outbreak,fast_respiratory,3.065897752489545,,,1.7620721676669155,2,0.8500966807329327,,11,0.6518955614707205,15.177930877739028,1.5622987998984197,0.19203352416966207,0.0
development_fast_respiratory_007_outbreak,development_fast_respiratory_007,development,outbreak,fast_respiratory,3.9690423336398237,57.0,58.0,1.6233482095555722,1,0.7595629316743062,2.0037828775039705,7,0.5493936624182526,23.74564067048188,0.8056861646922615,0.15497209590117678,0.10909090909090909
development_fast_respiratory_007_no_outbreak,development_fast_respiratory_007,development,no_outbreak,fast_respiratory,3.9690423336398237,,,1.6233482095555722,1,0.7595629316743062,,7,0.5493936624182526,23.74564067048188,0.8056861646922615,0.15497209590117678,0.2545454545454545
development_fast_respiratory_008_outbreak,development_fast_respiratory_008,development,outbreak,fast_respiratory,3.136946452563677,49.0,50.0,1.2230347785228814,1,0.7930781888994212,1.6114654456804507,11,0.6995497862457987,16.82969336026686,1.8188148649879556,0.15919183470848025,0.022727272727272728
development_fast_respiratory_008_no_outbreak,development_fast_respiratory_008,development,no_outbreak,fast_respiratory,3.136946452563677,,,1.2230347785228814,1,0.7930781888994212,,11,0.6995497862457987,16.82969336026686,1.8188148649879556,0.15919183470848025,0.013636363636363636
development_fast_respiratory_009_outbreak,development_fast_respiratory_009,development,outbreak,fast_respiratory,3.811389470904943,39.0,41.0,2.575911540631373,2,0.9113903032002819,1.8842483220043418,9,0.6919805253042163,9.607842502690627,0.7989422180471495,0.2713962229506065,0.06818181818181818
development_fast_respiratory_009_no_outbreak,development_fast_respiratory_009,development,no_outbreak,fast_respiratory,3.811389470904943,,,2.575911540631373,2,0.9113903032002819,,9,0.6919805253042163,9.607842502690627,0.7989422180471495,0.2713962229506065,0.045454545454545456
development_fast_respiratory_010_outbreak,development_fast_respiratory_010,development,outbreak,fast_respiratory,2.827744419434923,51.0,53.0,1.7786482089946547,2,0.8943186554807732,2.0909321133700027,9,0.4628343727144515,23.151880266486742,1.132644103018308,0.16379210906297248,0.04090909090909091
development_fast_respiratory_010_no_outbreak,development_fast_respiratory_010,development,no_outbreak,fast_respiratory,2.827744419434923,,,1.7786482089946547,2,0.8943186554807732,,9,0.4628343727144515,23.151880266486742,1.132644103018308,0.16379210906297248,0.03636363636363636
development_fast_respiratory_011_outbreak,development_fast_respiratory_011,development,outbreak,fast_respiratory,3.272645430597321,40.0,42.0,1.809302098454476,2,0.9370724807599623,2.1094615530074505,10,0.6000818929494707,15.635837526690338,1.6355910761280157,0.34707123257724226,0.00909090909090909
development_fast_respiratory_011_no_outbreak,development_fast_respiratory_011,development,no_outbreak,fast_respiratory,3.272645430597321,,,1.809302098454476,2,0.9370724807599623,,10,0.6000818929494707,15.635837526690338,1.6355910761280157,0.34707123257724226,0.01818181818181818
development_fast_respiratory_012_outbreak,development_fast_respiratory_012,development,outbreak,fast_respiratory,2.5967207851973475,59.0,61.0,2.524049928086579,2,0.8006415094220332,1.9273659223483985,6,0.616657863381964,13.676355300640093,1.747486913891028,0.32861324197205355,0.022727272727272728
development_fast_respiratory_012_no_outbreak,development_fast_respiratory_012,development,no_outbreak,fast_respiratory,2.5967207851973475,,,2.524049928086579,2,0.8006415094220332,,6,0.616657863381964,13.676355300640093,1.747486913891028,0.32861324197205355,0.05454545454545454
development_fast_respiratory_013_outbreak,development_fast_respiratory_013,development,outbreak,fast_respiratory,2.7180337408167756,54.0,55.0,1.0842814984790123,1,0.7371742105313309,1.697393979063098,6,0.6885438241481087,16.127338991801935,1.0029275346194324,0.2560221494426769,0.045454545454545456
development_fast_respiratory_013_no_outbreak,development_fast_respiratory_013,development,no_outbreak,fast_respiratory,2.7180337408167756,,,1.0842814984790123,1,0.7371742105313309,,6,0.6885438241481087,16.127338991801935,1.0029275346194324,0.2560221494426769,0.14545454545454545
development_fast_respiratory_014_outbreak,development_fast_respiratory_014,development,outbreak,fast_respiratory,3.571874958827051,39.0,40.0,1.657012032563519,1,0.9209944977484456,2.0445469055063157,5,0.681512711522395,9.29144610139443,1.7300498703931229,0.20219887446047863,0.004545454545454545
development_fast_respiratory_014_no_outbreak,development_fast_respiratory_014,development,no_outbreak,fast_respiratory,3.571874958827051,,,1.657012032563519,1,0.9209944977484456,,5,0.681512711522395,9.29144610139443,1.7300498703931229,0.20219887446047863,0.022727272727272728
development_fast_respiratory_015_outbreak,development_fast_respiratory_015,development,outbreak,fast_respiratory,2.822922918315857,64.0,66.0,2.7657545513244592,2,0.8250036067639556,1.3835231829664458,7,0.5415269847206912,15.72897615231093,0.8047109111244024,0.25681021313882463,0.08181818181818182
development_fast_respiratory_015_no_outbreak,development_fast_respiratory_015,development,no_outbreak,fast_respiratory,2.822922918315857,,,2.7657545513244592,2,0.8250036067639556,,7,0.5415269847206912,15.72897615231093,0.8047109111244024,0.25681021313882463,0.13636363636363635
development_fast_respiratory_016_outbreak,development_fast_respiratory_016,development,outbreak,fast_respiratory,3.1060185890450596,45.0,46.0,1.603619301706019,1,0.831001750549173,1.46977764884348,6,0.5814307128532314,15.588483155689344,0.8262902696237006,0.18912707632512488,0.06818181818181818
development_fast_respiratory_016_no_outbreak,development_fast_respiratory_016,development,no_outbreak,fast_respiratory,3.1060185890450596,,,1.603619301706019,1,0.831001750549173,,6,0.5814307128532314,15.588483155689344,0.8262902696237006,0.18912707632512488,0.1409090909090909
development_fast_respiratory_017_outbreak,development_fast_respiratory_017,development,outbreak,fast_respiratory,2.8854874333761837,63.0,65.0,2.7013233233940683,2,0.8395574629524314,1.9060397918242655,7,0.3946749600513311,17.25814218327995,1.7515218622538034,0.2179313852355511,0.05454545454545454
development_fast_respiratory_017_no_outbreak,development_fast_respiratory_017,development,no_outbreak,fast_respiratory,2.8854874333761837,,,2.7013233233940683,2,0.8395574629524314,,7,0.3946749600513311,17.25814218327995,1.7515218622538034,0.2179313852355511,0.05454545454545454
development_fast_respiratory_018_outbreak,development_fast_respiratory_018,development,outbreak,fast_respiratory,3.949301200872286,60.0,62.0,1.9407288538202097,2,0.7689774576952254,1.6471401523004037,6,0.36532142431591175,12.654685590831885,1.8848212576199106,0.3094466493062942,0.05454545454545454
development_fast_respiratory_018_no_outbreak,development_fast_respiratory_018,development,no_outbreak,fast_respiratory,3.949301200872286,,,1.9407288538202097,2,0.7689774576952254,,6,0.36532142431591175,12.654685590831885,1.8848212576199106,0.3094466493062942,0.09545454545454546
development_fast_respiratory_019_outbreak,development_fast_respiratory_019,development,outbreak,fast_respiratory,3.157928534270755,48.0,50.0,2.225709452001444,2,0.891124292258261,1.7669360226249053,6,0.5723302830468008,13.856694310158826,0.9004918948805689,0.09813907696911353,0.07272727272727272
development_fast_respiratory_019_no_outbreak,development_fast_respiratory_019,development,no_outbreak,fast_respiratory,3.157928534270755,,,2.225709452001444,2,0.891124292258261,,6,0.5723302830468008,13.856694310158826,0.9004918948805689,0.09813907696911353,0.08181818181818182
development_influenza_like_000_outbreak,development_influenza_like_000,development,outbreak,influenza_like,3.485295570842209,70.0,72.0,2.5185294084114385,2,0.949422271650588,1.4694774144895897,14,0.39047589191470233,15.612469844458753,1.7008578014187927,0.20061995667713156,0.01818181818181818
development_influenza_like_000_no_outbreak,development_influenza_like_000,development,no_outbreak,influenza_like,3.485295570842209,,,2.5185294084114385,2,0.949422271650588,,14,0.39047589191470233,15.612469844458753,1.7008578014187927,0.20061995667713156,0.02727272727272727
development_influenza_like_001_outbreak,development_influenza_like_001,development,outbreak,influenza_like,4.11060366396533,46.0,48.0,1.7289367070510502,2,0.8938640112619183,1.661245905283597,10,0.41556288020477117,9.49740613382628,1.1699537155705462,0.3266926549580237,0.03636363636363636
development_influenza_like_001_no_outbreak,development_influenza_like_001,development,no_outbreak,influenza_like,4.11060366396533,,,1.7289367070510502,2,0.8938640112619183,,10,0.41556288020477117,9.49740613382628,1.1699537155705462,0.3266926549580237,0.09545454545454546
development_influenza_like_002_outbreak,development_influenza_like_002,development,outbreak,influenza_like,3.6173596398067156,64.0,66.0,2.5905325402044426,2,0.744718093951974,1.739871052830519,12,0.5042132270273484,12.347393790605114,1.578232798402618,0.07039873693479483,0.04090909090909091
development_influenza_like_002_no_outbreak,development_influenza_like_002,development,no_outbreak,influenza_like,3.6173596398067156,,,2.5905325402044426,2,0.744718093951974,,12,0.5042132270273484,12.347393790605114,1.578232798402618,0.07039873693479483,0.09090909090909091
development_influenza_like_003_outbreak,development_influenza_like_003,development,outbreak,influenza_like,4.948649940496704,49.0,52.0,3.386933375001171,3,0.7152100906941592,1.700810984278515,13,0.3913684887010136,16.51283884152533,1.315139201963709,0.18301097999361388,0.05454545454545454
development_influenza_like_003_no_outbreak,development_influenza_like_003,development,no_outbreak,influenza_like,4.948649940496704,,,3.386933375001171,3,0.7152100906941592,,13,0.3913684887010136,16.51283884152533,1.315139201963709,0.18301097999361388,0.22727272727272727
development_influenza_like_004_outbreak,development_influenza_like_004,development,outbreak,influenza_like,3.5532990895318335,71.0,74.0,3.1124691498830237,3,0.9235678571919085,1.7032643870382849,14,0.4275837714113314,16.674785152057805,1.5604542793400102,0.12724489630728628,0.04090909090909091
development_influenza_like_004_no_outbreak,development_influenza_like_004,development,no_outbreak,influenza_like,3.5532990895318335,,,3.1124691498830237,3,0.9235678571919085,,14,0.4275837714113314,16.674785152057805,1.5604542793400102,0.12724489630728628,0.02727272727272727
development_influenza_like_005_outbreak,development_influenza_like_005,development,outbreak,influenza_like,4.209696341807268,57.0,60.0,3.190754337270839,3,0.8810733994124412,1.6739378073952218,14,0.30668449645362655,14.238753140101672,0.7824671064381866,0.2582801723244317,0.12272727272727273
development_influenza_like_005_no_outbreak,development_influenza_like_005,development,no_outbreak,influenza_like,4.209696341807268,,,3.190754337270839,3,0.8810733994124412,,14,0.30668449645362655,14.238753140101672,0.7824671064381866,0.2582801723244317,0.31363636363636366
development_influenza_like_006_outbreak,development_influenza_like_006,development,outbreak,influenza_like,4.129850367401968,72.0,74.0,2.579677501853908,2,0.7561792776676454,1.805112990159658,13,0.5497471077335077,9.760349152568727,1.7497682102336611,0.3337075181515572,0.02727272727272727
development_influenza_like_006_no_outbreak,development_influenza_like_006,development,no_outbreak,influenza_like,4.129850367401968,,,2.579677501853908,2,0.7561792776676454,,13,0.5497471077335077,9.760349152568727,1.7497682102336611,0.3337075181515572,0.031818181818181815
development_influenza_like_007_outbreak,development_influenza_like_007,development,outbreak,influenza_like,3.4519244456354343,53.0,56.0,3.761293858679963,3,0.8311195427319445,1.8144640938658076,7,0.5968155829595996,11.672708414019551,0.9981683517655414,0.08965950475741882,0.05909090909090909
development_influenza_like_007_no_outbreak,development_influenza_like_007,development,no_outbreak,influenza_like,3.4519244456354343,,,3.761293858679963,3,0.8311195427319445,,7,0.5968155829595996,11.672708414019551,0.9981683517655414,0.08965950475741882,0.07727272727272727
development_influenza_like_008_outbreak,development_influenza_like_008,development,outbreak,influenza_like,4.0361377319516505,59.0,60.0,1.1418232170210256,1,0.9488005167039428,1.714415829834983,8,0.26037883459900424,13.461808225754632,1.6311653927078358,0.12172871489265455,0.08181818181818182
development_influenza_like_008_no_outbreak,development_influenza_like_008,development,no_outbreak,influenza_like,4.0361377319516505,,,1.1418232170210256,1,0.9488005167039428,,8,0.26037883459900424,13.461808225754632,1.6311653927078358,0.12172871489265455,0.09545454545454546
development_influenza_like_009_outbreak,development_influenza_like_009,development,outbreak,influenza_like,3.173406089960353,47.0,48.0,1.0320708631933155,1,0.7063735448960707,1.6425387474516078,12,0.41737542790541116,5.493629903377371,0.9107635493412167,0.11020966943976741,0.05454545454545454
development_influenza_like_009_no_outbreak,development_influenza_like_009,development,no_outbreak,influenza_like,3.173406089960353,,,1.0320708631933155,1,0.7063735448960707,,12,0.41737542790541116,5.493629903377371,0.9107635493412167,0.11020966943976741,0.35909090909090907
development_influenza_like_010_outbreak,development_influenza_like_010,development,outbreak,influenza_like,4.01545507804774,50.0,51.0,1.1135013612605404,1,0.7957565003777247,1.5066937542907228,7,0.49421809339752676,6.036373100054733,1.1536405059327208,0.27788242400696944,0.10909090909090909
development_influenza_like_010_no_outbreak,development_influenza_like_010,development,no_outbreak,influenza_like,4.01545507804774,,,1.1135013612605404,1,0.7957565003777247,,7,0.49421809339752676,6.036373100054733,1.1536405059327208,0.27788242400696944,0.1318181818181818
development_influenza_like_011_outbreak,development_influenza_like_011,development,outbreak,influenza_like,4.061767039149257,64.0,67.0,3.9436712116323474,3,0.8711678082793738,1.754097769854377,14,0.4238763451217238,7.2626161450501865,0.75118238565473,0.17883394395223667,0.15454545454545454
development_influenza_like_011_no_outbreak,development_influenza_like_011,development,no_outbreak,influenza_like,4.061767039149257,,,3.9436712116323474,3,0.8711678082793738,,14,0.4238763451217238,7.2626161450501865,0.75118238565473,0.17883394395223667,0.20909090909090908
development_influenza_like_012_outbreak,development_influenza_like_012,development,outbreak,influenza_like,3.111646817378448,48.0,51.0,3.5054094191117744,3,0.8616910084732026,1.6864453729190556,13,0.6239574741564047,17.158666677977493,1.0471207475453332,0.08690374075952058,0.045454545454545456
development_influenza_like_012_no_outbreak,development_influenza_like_012,development,no_outbreak,influenza_like,3.111646817378448,,,3.5054094191117744,3,0.8616910084732026,,13,0.6239574741564047,17.158666677977493,1.0471207475453332,0.08690374075952058,0.06363636363636363
development_influenza_like_013_outbreak,development_influenza_like_013,development,outbreak,influenza_like,4.680996236925104,70.0,72.0,2.692847384426042,2,0.7022996755706292,1.305256913829677,7,0.6258842377998477,14.221630862792686,0.9531328854277882,0.34853604085698775,0.1
development_influenza_like_013_no_outbreak,development_influenza_like_013,development,no_outbreak,influenza_like,4.680996236925104,,,2.692847384426042,2,0.7022996755706292,,7,0.6258842377998477,14.221630862792686,0.9531328854277882,0.34853604085698775,0.20909090909090908
development_influenza_like_014_outbreak,development_influenza_like_014,development,outbreak,influenza_like,3.7356612181048265,68.0,69.0,1.7090438239181336,1,0.7235372019293824,1.2982104908862109,9,0.33829729880332216,10.170955139702011,1.571447999103463,0.07862667314169174,0.09090909090909091
development_influenza_like_014_no_outbreak,development_influenza_like_014,development,no_outbreak,influenza_like,3.7356612181048265,,,1.7090438239181336,1,0.7235372019293824,,9,0.33829729880332216,10.170955139702011,1.571447999103463,0.07862667314169174,0.14545454545454545
development_influenza_like_015_outbreak,development_influenza_like_015,development,outbreak,influenza_like,4.274064853347289,70.0,72.0,2.0467319711003826,2,0.8096841590128712,1.3168057996081446,14,0.412411680763044,13.649850226943299,1.4010115406736299,0.22619449946615794,0.05454545454545454
development_influenza_like_015_no_outbreak,development_influenza_like_015,development,no_outbreak,influenza_like,4.274064853347289,,,2.0467319711003826,2,0.8096841590128712,,14,0.412411680763044,13.649850226943299,1.4010115406736299,0.22619449946615794,0.06818181818181818
development_influenza_like_016_outbreak,development_influenza_like_016,development,outbreak,influenza_like,4.302765732547708,55.0,58.0,3.1474256717519777,3,0.7555743940850785,1.5114268877790262,12,0.5760311853369167,15.102869710421674,0.7328644384573209,0.18810279153674125,0.09545454545454546
development_influenza_like_016_no_outbreak,development_influenza_like_016,development,no_outbreak,influenza_like,4.302765732547708,,,3.1474256717519777,3,0.7555743940850785,,12,0.5760311853369167,15.102869710421674,0.7328644384573209,0.18810279153674125,0.18181818181818182
development_influenza_like_017_outbreak,development_influenza_like_017,development,outbreak,influenza_like,3.581761739667807,64.0,67.0,3.83328128274925,3,0.9379623247549758,1.3179668019302904,14,0.3469685982611669,12.297521228898553,1.5028532832211938,0.23470145749421145,0.03636363636363636
development_influenza_like_017_no_outbreak,development_influenza_like_017,development,no_outbreak,influenza_like,3.581761739667807,,,3.83328128274925,3,0.9379623247549758,,14,0.3469685982611669,12.297521228898553,1.5028532832211938,0.23470145749421145,0.07272727272727272
development_influenza_like_018_outbreak,development_influenza_like_018,development,outbreak,influenza_like,3.0089010783967702,65.0,68.0,3.9155105334229146,3,0.8776256794645583,1.3526956979725344,15,0.26014094341126504,6.534994464363567,1.3446392635376068,0.29980740426193914,0.09090909090909091
development_influenza_like_018_no_outbreak,development_influenza_like_018,development,no_outbreak,influenza_like,3.0089010783967702,,,3.9155105334229146,3,0.8776256794645583,,15,0.26014094341126504,6.534994464363567,1.3446392635376068,0.29980740426193914,0.25
development_influenza_like_019_outbreak,development_influenza_like_019,development,outbreak,influenza_like,3.1698266664650294,63.0,64.0,1.2901707660082813,1,0.7160523172573765,1.8054901245174677,9,0.5892487144503096,9.597071224020866,0.8661374644344001,0.07796290011159812,0.07272727272727272
development_influenza_like_019_no_outbreak,development_influenza_like_019,development,no_outbreak,influenza_like,3.1698266664650294,,,1.2901707660082813,1,0.7160523172573765,,9,0.5892487144503096,9.597071224020866,0.8661374644344001,0.07796290011159812,0.21363636363636362
development_moderate_respiratory_000_outbreak,development_moderate_respiratory_000,development,outbreak,moderate_respiratory,6.49171100167705,51.0,53.0,2.225838718297642,2,0.8647689429966476,1.4130120354614961,17,0.2588083328379922,5.0378626069091865,1.0330464266828914,0.3080554149675655,0.09545454545454546
development_moderate_respiratory_000_no_outbreak,development_moderate_respiratory_000,development,no_outbreak,moderate_respiratory,6.49171100167705,,,2.225838718297642,2,0.8647689429966476,,17,0.2588083328379922,5.0378626069091865,1.0330464266828914,0.3080554149675655,0.22272727272727272
development_moderate_respiratory_001_outbreak,development_moderate_respiratory_001,development,outbreak,moderate_respiratory,5.390429984783866,50.0,51.0,1.2349829802192263,1,0.9556505769742512,1.23520891202931,16,0.6773092519840438,14.173313320827337,0.4849982243368832,0.19881786462041035,0.05909090909090909
development_moderate_respiratory_001_no_outbreak,development_moderate_respiratory_001,development,no_outbreak,moderate_respiratory,5.390429984783866,,,1.2349829802192263,1,0.9556505769742512,,16,0.6773092519840438,14.173313320827337,0.4849982243368832,0.19881786462041035,0.17727272727272728
development_moderate_respiratory_002_outbreak,development_moderate_respiratory_002,development,outbreak,moderate_respiratory,4.8890350407773395,64.0,65.0,1.2815316681295514,1,0.9062195200124289,1.2837895513853772,10,0.578913766815332,13.631288751395847,1.019841509471348,0.13608989616120662,0.02727272727272727
development_moderate_respiratory_002_no_outbreak,development_moderate_respiratory_002,development,no_outbreak,moderate_respiratory,4.8890350407773395,,,1.2815316681295514,1,0.9062195200124289,,10,0.578913766815332,13.631288751395847,1.019841509471348,0.13608989616120662,0.10454545454545454
development_moderate_respiratory_003_outbreak,development_moderate_respiratory_003,development,outbreak,moderate_respiratory,4.795534099040602,54.0,58.0,4.946669194317792,4,0.9436900336532645,1.215346814436056,9,0.45705357824386156,5.06606230750976,0.5440014705729636,0.16034144369258188,0.1590909090909091
development_moderate_respiratory_003_no_outbreak,development_moderate_respiratory_003,development,no_outbreak,moderate_respiratory,4.795534099040602,,,4.946669194317792,4,0.9436900336532645,,9,0.45705357824386156,5.06606230750976,0.5440014705729636,0.16034144369258188,0.12272727272727273
development_moderate_respiratory_004_outbreak,development_moderate_respiratory_004,development,outbreak,moderate_respiratory,5.9697272237472845,79.0,81.0,1.8099145930517975,2,0.8776964806247813,1.6643458593393592,20,0.5983004122850661,12.169363176654478,1.3629891753465464,0.15787421315490074,0.05
development_moderate_respiratory_004_no_outbreak,development_moderate_respiratory_004,development,no_outbreak,moderate_respiratory,5.9697272237472845,,,1.8099145930517975,2,0.8776964806247813,,20,0.5983004122850661,12.169363176654478,1.3629891753465464,0.15787421315490074,0.045454545454545456
development_moderate_respiratory_005_outbreak,development_moderate_respiratory_005,development,outbreak,moderate_respiratory,5.04580721780179,53.0,57.0,4.214408219251618,4,0.7318409460986969,1.2284692154629764,18,0.5911234335785096,7.819055926851694,1.257518646686319,0.15394964105491651,0.07272727272727272
development_moderate_respiratory_005_no_outbreak,development_moderate_respiratory_005,development,no_outbreak,moderate_respiratory,5.04580721780179,,,4.214408219251618,4,0.7318409460986969,,18,0.5911234335785096,7.819055926851694,1.257518646686319,0.15394964105491651,0.10909090909090909
development_moderate_respiratory_006_outbreak,development_moderate_respiratory_006,development,outbreak,moderate_respiratory,5.4686724886957006,76.0,78.0,2.2962353733394707,2,0.7662477374228351,1.2549408819443306,17,0.49901303427146915,15.55666179831,0.6502623392498599,0.1646913580333277,0.07727272727272727
development_moderate_respiratory_006_no_outbreak,development_moderate_respiratory_006,development,no_outbreak,moderate_respiratory,5.4686724886957006,,,2.2962353733394707,2,0.7662477374228351,,17,0.49901303427146915,15.55666179831,0.6502623392498599,0.1646913580333277,0.45
development_moderate_respiratory_007_outbreak,development_moderate_respiratory_007,development,outbreak,moderate_respiratory,4.623314711364716,58.0,59.0,1.1814617618530607,1,0.8835345580361251,1.3796455898955955,16,0.6732547615464266,10.52930874226253,1.1705040524193526,0.29348596298875135,0.04090909090909091
development_moderate_respiratory_007_no_outbreak,development_moderate_respiratory_007,development,no_outbreak,moderate_respiratory,4.623314711364716,,,1.1814617618530607,1,0.8835345580361251,,16,0.6732547615464266,10.52930874226253,1.1705040524193526,0.29348596298875135,0.05909090909090909
development_moderate_respiratory_008_outbreak,development_moderate_respiratory_008,development,outbreak,moderate_respiratory,6.46679577766753,59.0,62.0,3.929479807003437,3,0.8991832945456679,1.259715754567658,15,0.28099772703080955,6.8019740686773655,0.9958634068153316,0.131644544472142,0.10909090909090909
development_moderate_respiratory_008_no_outbreak,development_moderate_respiratory_008,development,no_outbreak,moderate_respiratory,6.46679577766753,,,3.929479807003437,3,0.8991832945456679,,15,0.28099772703080955,6.8019740686773655,0.9958634068153316,0.131644544472142,0.2863636363636364
development_moderate_respiratory_009_outbreak,development_moderate_respiratory_009,development,outbreak,moderate_respiratory,6.438213781970962,70.0,73.0,3.6112120615138346,3,0.8249814920370264,1.3864011575868471,15,0.5475353987737814,9.41436906951731,0.7809443537837981,0.2636115563114474,0.09090909090909091
development_moderate_respiratory_009_no_outbreak,development_moderate_respiratory_009,development,no_outbreak,moderate_respiratory,6.438213781970962,,,3.6112120615138346,3,0.8249814920370264,,15,0.5475353987737814,9.41436906951731,0.7809443537837981,0.2636115563114474,0.22727272727272727
development_moderate_respiratory_010_outbreak,development_moderate_respiratory_010,development,outbreak,moderate_respiratory,6.30932928576322,81.0,83.0,2.794152165515647,2,0.8349162586696927,1.2572453296452901,18,0.5650764833055453,7.886204879060628,1.0124007822097525,0.29578244969594764,0.07272727272727272
development_moderate_respiratory_010_no_outbreak,development_moderate_respiratory_010,development,no_outbreak,moderate_respiratory,6.30932928576322,,,2.794152165515647,2,0.8349162586696927,,18,0.5650764833055453,7.886204879060628,1.0124007822097525,0.29578244969594764,0.09545454545454546
development_moderate_respiratory_011_outbreak,development_moderate_respiratory_011,development,outbreak,moderate_respiratory,5.293422160303195,49.0,51.0,2.0848021194283093,2,0.7820834121714377,1.4189544544710342,19,0.5165664969718442,9.595977584476273,0.4393690614522852,0.2880015960027435,0.1409090909090909
development_moderate_respiratory_011_no_outbreak,development_moderate_respiratory_011,development,no_outbreak,moderate_respiratory,5.293422160303195,,,2.0848021194283093,2,0.7820834121714377,,19,0.5165664969718442,9.595977584476273,0.4393690614522852,0.2880015960027435,0.33181818181818185
development_moderate_respiratory_012_outbreak,development_moderate_respiratory_012,development,outbreak,moderate_respiratory,5.587868470223103,68.0,69.0,1.4288507095481684,1,0.9005473477683681,1.3391803967703577,13,0.40062041514846825,6.681047071851019,0.7638813424546487,0.13079518609977978,0.12727272727272726
development_moderate_respiratory_012_no_outbreak,development_moderate_respiratory_012,development,no_outbreak,moderate_respiratory,5.587868470223103,,,1.4288507095481684,1,0.9005473477683681,,13,0.40062041514846825,6.681047071851019,0.7638813424546487,0.13079518609977978,0.1318181818181818
development_moderate_respiratory_013_outbreak,development_moderate_respiratory_013,development,outbreak,moderate_respiratory,5.97606604569204,69.0,73.0,4.913751341897385,4,0.7841930633127074,1.4412999461476446,11,0.32702856369009625,8.545235098038269,0.6729827522958371,0.08913968353455873,0.22727272727272727
development_moderate_respiratory_013_no_outbreak,development_moderate_respiratory_013,development,no_outbreak,moderate_respiratory,5.97606604569204,,,4.913751341897385,4,0.7841930633127074,,11,0.32702856369009625,8.545235098038269,0.6729827522958371,0.08913968353455873,0.5136363636363637
development_moderate_respiratory_014_outbreak,development_moderate_respiratory_014,development,outbreak,moderate_respiratory,4.323464425561818,80.0,83.0,2.980805094100884,3,0.9509526351699379,1.6618229749449958,19,0.28897909622898604,8.91310071143399,0.9400680619042099,0.07646737303767731,0.15
development_moderate_respiratory_014_no_outbreak,development_moderate_respiratory_014,development,no_outbreak,moderate_respiratory,4.323464425561818,,,2.980805094100884,3,0.9509526351699379,,19,0.28897909622898604,8.91310071143399,0.9400680619042099,0.07646737303767731,0.1409090909090909
development_moderate_respiratory_015_outbreak,development_moderate_respiratory_015,development,outbreak,moderate_respiratory,4.577146806998751,54.0,56.0,2.590883137786481,2,0.877786668979891,1.3120098799581323,18,0.6927825894532722,11.604791892233077,0.7979843293855311,0.21744301388663512,0.05909090909090909
development_moderate_respiratory_015_no_outbreak,development_moderate_respiratory_015,development,no_outbreak,moderate_respiratory,4.577146806998751,,,2.590883137786481,2,0.877786668979891,,18,0.6927825894532722,11.604791892233077,0.7979843293855311,0.21744301388663512,0.031818181818181815
development_moderate_respiratory_016_outbreak,development_moderate_respiratory_016,development,outbreak,moderate_respiratory,4.2179105510085,61.0,63.0,2.26538509123649,2,0.8307385239095373,1.3142647888866188,9,0.6294105952171499,7.780368833074514,1.174119772816315,0.09672286110954464,0.045454545454545456
development_moderate_respiratory_016_no_outbreak,development_moderate_respiratory_016,development,no_outbreak,moderate_respiratory,4.2179105510085,,,2.26538509123649,2,0.8307385239095373,,9,0.6294105952171499,7.780368833074514,1.174119772816315,0.09672286110954464,0.031818181818181815
development_moderate_respiratory_017_outbreak,development_moderate_respiratory_017,development,outbreak,moderate_respiratory,5.119968693550505,77.0,79.0,2.0220189184914337,2,0.7587767795905931,1.6271214616062821,17,0.6762134358837467,8.84792216475752,0.8581027624792374,0.1196390748969347,0.07727272727272727
development_moderate_respiratory_017_no_outbreak,development_moderate_respiratory_017,development,no_outbreak,moderate_respiratory,5.119968693550505,,,2.0220189184914337,2,0.7587767795905931,,17,0.6762134358837467,8.84792216475752,0.8581027624792374,0.1196390748969347,0.09090909090909091
development_moderate_respiratory_018_outbreak,development_moderate_respiratory_018,development,outbreak,moderate_respiratory,4.3031095617296815,58.0,62.0,4.383664556647092,4,0.9596715734479182,1.3370715668431354,12,0.6672787367572269,9.59454340095282,0.5431333886890758,0.22233611348996357,0.15454545454545454
development_moderate_respiratory_018_no_outbreak,development_moderate_respiratory_018,development,no_outbreak,moderate_respiratory,4.3031095617296815,,,4.383664556647092,4,0.9596715734479182,,12,0.6672787367572269,9.59454340095282,0.5431333886890758,0.22233611348996357,0.09545454545454546
development_moderate_respiratory_019_outbreak,development_moderate_respiratory_019,development,outbreak,moderate_respiratory,5.771201834592238,65.0,66.0,1.4612085543188558,1,0.7614506886367333,1.369507974275545,17,0.416707215672538,12.199605526204648,0.532670038379784,0.28768857616301347,0.20909090909090908
development_moderate_respiratory_019_no_outbreak,development_moderate_respiratory_019,development,no_outbreak,moderate_respiratory,5.771201834592238,,,1.4612085543188558,1,0.7614506886367333,,17,0.416707215672538,12.199605526204648,0.532670038379784,0.28768857616301347,0.41818181818181815
development_sparse_zoonotic_000_outbreak,development_sparse_zoonotic_000,development,outbreak,sparse_zoonotic,6.737037259888085,64.0,66.0,2.2941971600113162,2,0.8143295394214012,1.4401556325703666,24,0.30026801896592,9.915881779516226,0.5704785509275395,0.2991244718714737,0.1590909090909091
development_sparse_zoonotic_000_no_outbreak,development_sparse_zoonotic_000,development,no_outbreak,sparse_zoonotic,6.737037259888085,,,2.2941971600113162,2,0.8143295394214012,,24,0.30026801896592,9.915881779516226,0.5704785509275395,0.2991244718714737,0.4727272727272727
development_sparse_zoonotic_001_outbreak,development_sparse_zoonotic_001,development,outbreak,sparse_zoonotic,8.876371134154965,75.0,77.0,2.7139823367207656,2,0.7292440348274153,1.5581338544593493,27,0.4452822397451466,3.5208842825964126,0.5639054104828385,0.20276063412677098,0.2681818181818182
development_sparse_zoonotic_001_no_outbreak,development_sparse_zoonotic_001,development,no_outbreak,sparse_zoonotic,8.876371134154965,,,2.7139823367207656,2,0.7292440348274153,,27,0.4452822397451466,3.5208842825964126,0.5639054104828385,0.20276063412677098,0.5045454545454545
development_sparse_zoonotic_002_outbreak,development_sparse_zoonotic_002,development,outbreak,sparse_zoonotic,6.396062889195144,70.0,74.0,4.536912079125754,4,0.6999830835433017,1.1856192582223728,15,0.26907308442482447,4.14326281560991,0.3538391425194364,0.30247213850874416,0.37727272727272726
development_sparse_zoonotic_002_no_outbreak,development_sparse_zoonotic_002,development,no_outbreak,sparse_zoonotic,6.396062889195144,,,4.536912079125754,4,0.6999830835433017,,15,0.26907308442482447,4.14326281560991,0.3538391425194364,0.30247213850874416,0.7909090909090909
development_sparse_zoonotic_003_outbreak,development_sparse_zoonotic_003,development,outbreak,sparse_zoonotic,7.6784402886984875,81.0,86.0,5.456193724566125,5,0.6608406832862049,1.331459787070616,19,0.4706278300908776,8.856282593967883,0.8444714108973732,0.13167645562165226,0.1409090909090909
development_sparse_zoonotic_003_no_outbreak,development_sparse_zoonotic_003,development,no_outbreak,sparse_zoonotic,7.6784402886984875,,,5.456193724566125,5,0.6608406832862049,,19,0.4706278300908776,8.856282593967883,0.8444714108973732,0.13167645562165226,0.34545454545454546
development_sparse_zoonotic_004_outbreak,development_sparse_zoonotic_004,development,outbreak,sparse_zoonotic,8.530398480226317,76.0,78.0,2.0773688710751657,2,0.6695027074465496,1.3220576754318558,23,0.27824649681531094,2.7441313537644985,0.7897622616697559,0.3309975790814186,0.3181818181818182
development_sparse_zoonotic_004_no_outbreak,development_sparse_zoonotic_004,development,no_outbreak,sparse_zoonotic,8.530398480226317,,,2.0773688710751657,2,0.6695027074465496,,23,0.27824649681531094,2.7441313537644985,0.7897622616697559,0.3309975790814186,0.5636363636363636
development_sparse_zoonotic_005_outbreak,development_sparse_zoonotic_005,development,outbreak,sparse_zoonotic,6.664485890116654,60.0,64.0,4.995352924187517,4,0.7282462885205585,1.5193381569937805,17,0.2153524557078644,7.461613639910528,0.2498127108094011,0.12685941261299663,0.3181818181818182
development_sparse_zoonotic_005_no_outbreak,development_sparse_zoonotic_005,development,no_outbreak,sparse_zoonotic,6.664485890116654,,,4.995352924187517,4,0.7282462885205585,,17,0.2153524557078644,7.461613639910528,0.2498127108094011,0.12685941261299663,0.9090909090909091
development_sparse_zoonotic_006_outbreak,development_sparse_zoonotic_006,development,outbreak,sparse_zoonotic,6.252454308559781,56.0,60.0,4.633247238308825,4,0.7901700234670525,1.2828723081379512,14,0.509321050295441,6.002214906336808,0.4215907753709274,0.19371712043491374,0.23636363636363636
development_sparse_zoonotic_006_no_outbreak,development_sparse_zoonotic_006,development,no_outbreak,sparse_zoonotic,6.252454308559781,,,4.633247238308825,4,0.7901700234670525,,14,0.509321050295441,6.002214906336808,0.4215907753709274,0.19371712043491374,0.6090909090909091
development_sparse_zoonotic_007_outbreak,development_sparse_zoonotic_007,development,outbreak,sparse_zoonotic,8.458805946959206,89.0,91.0,2.8299626097084865,2,0.6339811584255759,1.591148821444535,26,0.5240813216727903,5.375221814480572,0.7029795156807468,0.3048992220177992,0.19090909090909092
development_sparse_zoonotic_007_no_outbreak,development_sparse_zoonotic_007,development,no_outbreak,sparse_zoonotic,8.458805946959206,,,2.8299626097084865,2,0.6339811584255759,,26,0.5240813216727903,5.375221814480572,0.7029795156807468,0.3048992220177992,0.36818181818181817
development_sparse_zoonotic_008_outbreak,development_sparse_zoonotic_008,development,outbreak,sparse_zoonotic,7.7534480237787395,85.0,90.0,5.247364816263303,5,0.7901852228666703,1.3869351694514493,16,0.3862224932133397,5.903349565655098,0.8172598170800378,0.10008253221466867,0.16363636363636364
development_sparse_zoonotic_008_no_outbreak,development_sparse_zoonotic_008,development,no_outbreak,sparse_zoonotic,7.7534480237787395,,,5.247364816263303,5,0.7901852228666703,,16,0.3862224932133397,5.903349565655098,0.8172598170800378,0.10008253221466867,0.35
development_sparse_zoonotic_009_outbreak,development_sparse_zoonotic_009,development,outbreak,sparse_zoonotic,6.8385499200613875,72.0,75.0,3.3909783316574664,3,0.6832794230481176,1.4921245403262215,21,0.23012038890457887,7.933368503229069,0.36001121912522815,0.30631726182030833,0.32272727272727275
development_sparse_zoonotic_009_no_outbreak,development_sparse_zoonotic_009,development,no_outbreak,sparse_zoonotic,6.8385499200613875,,,3.3909783316574664,3,0.6832794230481176,,21,0.23012038890457887,7.933368503229069,0.36001121912522815,0.30631726182030833,0.7727272727272727
development_sparse_zoonotic_010_outbreak,development_sparse_zoonotic_010,development,outbreak,sparse_zoonotic,8.947539686004458,74.0,77.0,3.8584630434371685,3,0.7996135608257766,1.300838263625764,25,0.49518526170428145,6.649275478496589,0.2954732283699354,0.3415156840889582,0.30454545454545456
development_sparse_zoonotic_010_no_outbreak,development_sparse_zoonotic_010,development,no_outbreak,sparse_zoonotic,8.947539686004458,,,3.8584630434371685,3,0.7996135608257766,,25,0.49518526170428145,6.649275478496589,0.2954732283699354,0.3415156840889582,0.5045454545454545
development_sparse_zoonotic_011_outbreak,development_sparse_zoonotic_011,development,outbreak,sparse_zoonotic,7.051808727002361,87.0,90.0,3.4133304031757365,3,0.8259859852291773,1.2483017303213078,22,0.16229816571490233,4.516144461999708,0.8164411529210795,0.2314498073464662,0.31363636363636366
development_sparse_zoonotic_011_no_outbreak,development_sparse_zoonotic_011,development,no_outbreak,sparse_zoonotic,7.051808727002361,,,3.4133304031757365,3,0.8259859852291773,,22,0.16229816571490233,4.516144461999708,0.8164411529210795,0.2314498073464662,0.6545454545454545
development_sparse_zoonotic_012_outbreak,development_sparse_zoonotic_012,development,outbreak,sparse_zoonotic,9.02030106249033,55.0,58.0,3.230587915956878,3,0.6731277749488693,1.1523956719749662,23,0.3722467591292896,6.868388440071969,0.6067519717907097,0.31617642819758685,0.2318181818181818
development_sparse_zoonotic_012_no_outbreak,development_sparse_zoonotic_012,development,no_outbreak,sparse_zoonotic,9.02030106249033,,,3.230587915956878,3,0.6731277749488693,,23,0.3722467591292896,6.868388440071969,0.6067519717907097,0.31617642819758685,0.5863636363636363
development_sparse_zoonotic_013_outbreak,development_sparse_zoonotic_013,development,outbreak,sparse_zoonotic,9.686461085176546,79.0,81.0,2.6147264951388687,2,0.8529780728470677,1.3146420435848205,24,0.2550906675010774,3.3507377540710994,0.7581048629890368,0.13930299184719078,0.21363636363636362
development_sparse_zoonotic_013_no_outbreak,development_sparse_zoonotic_013,development,no_outbreak,sparse_zoonotic,9.686461085176546,,,2.6147264951388687,2,0.8529780728470677,,24,0.2550906675010774,3.3507377540710994,0.7581048629890368,0.13930299184719078,0.3090909090909091
development_sparse_zoonotic_014_outbreak,development_sparse_zoonotic_014,development,outbreak,sparse_zoonotic,9.43303811115126,84.0,88.0,5.110601646285502,4,0.717146071932736,1.3111914320365594,13,0.26052620776581065,3.270418935889917,0.43719599677815,0.22364542700057188,0.45
development_sparse_zoonotic_014_no_outbreak,development_sparse_zoonotic_014,development,no_outbreak,sparse_zoonotic,9.43303811115126,,,5.110601646285502,4,0.717146071932736,,13,0.26052620776581065,3.270418935889917,0.43719599677815,0.22364542700057188,0.740909090909091
development_sparse_zoonotic_015_outbreak,development_sparse_zoonotic_015,development,outbreak,sparse_zoonotic,9.452401341351315,85.0,89.0,4.184810156366153,4,0.6783865474080176,1.455315719141161,20,0.1888507750667976,7.704278444240088,0.26783112370177103,0.2909875746349792,0.6
development_sparse_zoonotic_015_no_outbreak,development_sparse_zoonotic_015,development,no_outbreak,sparse_zoonotic,9.452401341351315,,,4.184810156366153,4,0.6783865474080176,,20,0.1888507750667976,7.704278444240088,0.26783112370177103,0.2909875746349792,0.8227272727272728
development_sparse_zoonotic_016_outbreak,development_sparse_zoonotic_016,development,outbreak,sparse_zoonotic,9.225066908309582,55.0,59.0,4.129075155946838,4,0.8676377225795707,1.5557262176637643,12,0.4003722014179991,6.75992252884936,0.5585735439738608,0.20879414470692315,0.1590909090909091
development_sparse_zoonotic_016_no_outbreak,development_sparse_zoonotic_016,development,no_outbreak,sparse_zoonotic,9.225066908309582,,,4.129075155946838,4,0.8676377225795707,,12,0.4003722014179991,6.75992252884936,0.5585735439738608,0.20879414470692315,0.4636363636363636
development_sparse_zoonotic_017_outbreak,development_sparse_zoonotic_017,development,outbreak,sparse_zoonotic,9.72802351212121,78.0,84.0,6.6068361831777676,6,0.759330808731498,1.2452270397811382,23,0.17816573886494752,9.380629486277996,0.8450672526543264,0.15109698550416412,0.3409090909090909
development_sparse_zoonotic_017_no_outbreak,development_sparse_zoonotic_017,development,no_outbreak,sparse_zoonotic,9.72802351212121,,,6.6068361831777676,6,0.759330808731498,,23,0.17816573886494752,9.380629486277996,0.8450672526543264,0.15109698550416412,0.6409090909090909
development_sparse_zoonotic_018_outbreak,development_sparse_zoonotic_018,development,outbreak,sparse_zoonotic,8.392355620277916,69.0,72.0,4.01874195287828,3,0.8285067687338759,1.270791009738875,28,0.49243058763692094,9.821482224420214,0.5976803510634989,0.1463059685667442,0.11363636363636363
development_sparse_zoonotic_018_no_outbreak,development_sparse_zoonotic_018,development,no_outbreak,sparse_zoonotic,8.392355620277916,,,4.01874195287828,3,0.8285067687338759,,28,0.49243058763692094,9.821482224420214,0.5976803510634989,0.1463059685667442,0.36363636363636365
development_sparse_zoonotic_019_outbreak,development_sparse_zoonotic_019,development,outbreak,sparse_zoonotic,7.587469620931439,56.0,58.0,2.1881416763562545,2,0.6901404268578796,1.2123283430341731,16,0.4839789926842223,9.831233144531065,0.5357584675085589,0.08245307800427105,0.2318181818181818
development_sparse_zoonotic_019_no_outbreak,development_sparse_zoonotic_019,development,no_outbreak,sparse_zoonotic,7.587469620931439,,,2.1881416763562545,2,0.6901404268578796,,16,0.4839789926842223,9.831233144531065,0.5357584675085589,0.08245307800427105,0.36818181818181817
development_contact_network_000_outbreak,development_contact_network_000,development,outbreak,contact_network,10.914427914270451,88.0,93.0,5.47249074738618,5,0.837912527681566,1.436093098926466,19,0.4763611687574815,2.955689523450011,0.48956402676351585,0.27629735033547903,0.20454545454545456
development_contact_network_000_no_outbreak,development_contact_network_000,development,no_outbreak,contact_network,10.914427914270451,,,5.47249074738618,5,0.837912527681566,,19,0.4763611687574815,2.955689523450011,0.48956402676351585,0.27629735033547903,0.41363636363636364
development_contact_network_001_outbreak,development_contact_network_001,development,outbreak,contact_network,9.083305234688716,94.0,102.0,8.694021221986473,8,0.7893086921907876,1.4590232957261624,16,0.13993280205754782,3.653821401796841,0.4387291900668915,0.26692420801623257,0.4590909090909091
development_contact_network_001_no_outbreak,development_contact_network_001,development,no_outbreak,contact_network,9.083305234688716,,,8.694021221986473,8,0.7893086921907876,,16,0.13993280205754782,3.653821401796841,0.4387291900668915,0.26692420801623257,0.7
development_contact_network_002_outbreak,development_contact_network_002,development,outbreak,contact_network,11.006744966171997,80.0,88.0,8.698475416162225,8,0.7839669847506099,1.2327686867100702,18,0.3546718366268685,6.90333903451571,0.5231346730452822,0.32118606510815734,0.35909090909090907
development_contact_network_002_no_outbreak,development_contact_network_002,development,no_outbreak,contact_network,11.006744966171997,,,8.698475416162225,8,0.7839669847506099,,18,0.3546718366268685,6.90333903451571,0.5231346730452822,0.32118606510815734,0.6318181818181818
development_contact_network_003_outbreak,development_contact_network_003,development,outbreak,contact_network,8.036703323999742,83.0,89.0,6.839684016949114,6,0.9128023913806727,1.429471071423379,16,0.3432849697916741,7.083419195859101,0.6745779078895606,0.31009997966695757,0.16818181818181818
development_contact_network_003_no_outbreak,development_contact_network_003,development,no_outbreak,contact_network,8.036703323999742,,,6.839684016949114,6,0.9128023913806727,,16,0.3432849697916741,7.083419195859101,0.6745779078895606,0.31009997966695757,0.29545454545454547
development_contact_network_004_outbreak,development_contact_network_004,development,outbreak,contact_network,9.954252375636298,91.0,96.0,6.26338037136982,5,0.6841705669533319,1.4341490404479587,18,0.24385393220865936,4.18309750192736,0.594115925734344,0.14469809230496786,0.44545454545454544
development_contact_network_004_no_outbreak,development_contact_network_004,development,no_outbreak,contact_network,9.954252375636298,,,6.26338037136982,5,0.6841705669533319,,18,0.24385393220865936,4.18309750192736,0.594115925734344,0.14469809230496786,0.7227272727272728
development_contact_network_005_outbreak,development_contact_network_005,development,outbreak,contact_network,8.132618320067667,80.0,85.0,5.336274880894392,5,0.8534995366473637,1.4688337567989076,29,0.2701016652188183,4.439850724280276,0.16738942137880586,0.260809895703751,0.35909090909090907
development_contact_network_005_no_outbreak,development_contact_network_005,development,no_outbreak,contact_network,8.132618320067667,,,5.336274880894392,5,0.8534995366473637,,29,0.2701016652188183,4.439850724280276,0.16738942137880586,0.260809895703751,0.6681818181818182
development_contact_network_006_outbreak,development_contact_network_006,development,outbreak,contact_network,8.686314278155322,92.0,98.0,7.029176305603057,6,0.7257782651482381,1.3842466198035404,16,0.40531239790168994,6.533109553511968,0.500803416830603,0.3009204080358362,0.2818181818181818
development_contact_network_006_no_outbreak,development_contact_network_006,development,no_outbreak,contact_network,8.686314278155322,,,7.029176305603057,6,0.7257782651482381,,16,0.40531239790168994,6.533109553511968,0.500803416830603,0.3009204080358362,0.4818181818181818
development_contact_network_007_outbreak,development_contact_network_007,development,outbreak,contact_network,7.856832743964683,64.0,68.0,4.343882962045765,4,0.7865924905558063,1.4563860485029412,26,0.4442987312440932,2.7811207191474883,0.6151124169952084,0.32457027587621384,0.16363636363636364
development_contact_network_007_no_outbreak,development_contact_network_007,development,no_outbreak,contact_network,7.856832743964683,,,4.343882962045765,4,0.7865924905558063,,26,0.4442987312440932,2.7811207191474883,0.6151124169952084,0.32457027587621384,0.4090909090909091
development_contact_network_008_outbreak,development_contact_network_008,development,outbreak,contact_network,9.715129640705555,62.0,67.0,5.456966044456558,5,0.857673925563884,1.4045572150675119,18,0.403258888476826,7.4315822112731595,0.2964892518221367,0.10926689550329202,0.20454545454545456
development_contact_network_008_no_outbreak,development_contact_network_008,development,no_outbreak,contact_network,9.715129640705555,,,5.456966044456558,5,0.857673925563884,,18,0.403258888476826,7.4315822112731595,0.2964892518221367,0.10926689550329202,0.7363636363636363
development_contact_network_009_outbreak,development_contact_network_009,development,outbreak,contact_network,9.866635446439023,67.0,73.0,7.286085348916484,6,0.9180673288820311,1.4793274668814012,27,0.2908659213542081,2.7526117951660947,0.37404914332621775,0.08020174294607105,0.2727272727272727
development_contact_network_009_no_outbreak,development_contact_network_009,development,no_outbreak,contact_network,9.866635446439023,,,7.286085348916484,6,0.9180673288820311,,27,0.2908659213542081,2.7526117951660947,0.37404914332621775,0.08020174294607105,0.5772727272727273
development_contact_network_010_outbreak,development_contact_network_010,development,outbreak,contact_network,7.446772663327194,68.0,71.0,3.769529261654666,3,0.9287377713743392,1.4643340797399451,27,0.2403655609687354,5.390863039073621,0.16092200201725568,0.1489897892862121,0.4590909090909091
development_contact_network_010_no_outbreak,development_contact_network_010,development,no_outbreak,contact_network,7.446772663327194,,,3.769529261654666,3,0.9287377713743392,,27,0.2403655609687354,5.390863039073621,0.16092200201725568,0.1489897892862121,0.7818181818181819
development_contact_network_011_outbreak,development_contact_network_011,development,outbreak,contact_network,9.766476632731678,98.0,104.0,6.940283693514951,6,0.7688368016456375,1.3506452648615448,17,0.18024416970287718,7.427316985628875,0.5311173934869795,0.10057605169516129,0.45454545454545453
development_contact_network_011_no_outbreak,development_contact_network_011,development,no_outbreak,contact_network,9.766476632731678,,,6.940283693514951,6,0.7688368016456375,,17,0.18024416970287718,7.427316985628875,0.5311173934869795,0.10057605169516129,0.7181818181818181
development_contact_network_012_outbreak,development_contact_network_012,development,outbreak,contact_network,10.597289084878486,65.0,68.0,3.298195351458863,3,0.7333854010200663,1.173571680703861,24,0.12315236588756612,6.659040417459634,0.15733472161383702,0.1354247066076484,0.7954545454545454
development_contact_network_012_no_outbreak,development_contact_network_012,development,no_outbreak,contact_network,10.597289084878486,,,3.298195351458863,3,0.7333854010200663,,24,0.12315236588756612,6.659040417459634,0.15733472161383702,0.1354247066076484,0.9590909090909091
development_contact_network_013_outbreak,development_contact_network_013,development,outbreak,contact_network,10.077795050946415,96.0,104.0,8.686223983029953,8,0.9076482625357645,1.4919199226542623,23,0.1991679861687817,3.91520889292994,0.3111995561727028,0.27761586136978256,0.5363636363636364
development_contact_network_013_no_outbreak,development_contact_network_013,development,no_outbreak,contact_network,10.077795050946415,,,8.686223983029953,8,0.9076482625357645,,23,0.1991679861687817,3.91520889292994,0.3111995561727028,0.27761586136978256,0.7227272727272728
development_contact_network_014_outbreak,development_contact_network_014,development,outbreak,contact_network,7.879395095378372,91.0,94.0,4.019618092120293,3,0.9142225806525339,1.2398548160704297,24,0.2686442984483465,5.321440699645144,0.3423920868031065,0.18983964545789028,0.35909090909090907
development_contact_network_014_no_outbreak,development_contact_network_014,development,no_outbreak,contact_network,7.879395095378372,,,4.019618092120293,3,0.9142225806525339,,24,0.2686442984483465,5.321440699645144,0.3423920868031065,0.18983964545789028,0.6227272727272727
development_contact_network_015_outbreak,development_contact_network_015,development,outbreak,contact_network,8.538028504405194,98.0,104.0,6.664629959515029,6,0.8904247373614236,1.1949673332541344,25,0.2257682173855441,7.489228110218612,0.5826986192926525,0.2891173054634005,0.33181818181818185
development_contact_network_015_no_outbreak,development_contact_network_015,development,no_outbreak,contact_network,8.538028504405194,,,6.664629959515029,6,0.8904247373614236,,25,0.2257682173855441,7.489228110218612,0.5826986192926525,0.2891173054634005,0.5
development_contact_network_016_outbreak,development_contact_network_016,development,outbreak,contact_network,10.072034560122106,82.0,85.0,3.836563902358834,3,0.7215715595324673,1.1381012427132913,26,0.1718606171134418,5.283432682948533,0.5980406096421613,0.2092932351717426,0.40454545454545454
development_contact_network_016_no_outbreak,development_contact_network_016,development,no_outbreak,contact_network,10.072034560122106,,,3.836563902358834,3,0.7215715595324673,,26,0.1718606171134418,5.283432682948533,0.5980406096421613,0.2092932351717426,0.7318181818181818
development_contact_network_017_outbreak,development_contact_network_017,development,outbreak,contact_network,11.662461524201204,77.0,85.0,8.671670511011303,8,0.6687995523075561,1.488051915175815,31,0.49823017276738124,6.841524113036041,0.6381795694454939,0.06619161354832084,0.20909090909090908
development_contact_network_017_no_outbreak,development_contact_network_017,development,no_outbreak,contact_network,11.662461524201204,,,8.671670511011303,8,0.6687995523075561,,31,0.49823017276738124,6.841524113036041,0.6381795694454939,0.06619161354832084,0.42727272727272725
development_contact_network_018_outbreak,development_contact_network_018,development,outbreak,contact_network,9.696564889335527,86.0,93.0,8.154961368010433,7,0.7009873063832812,1.293158462656278,24,0.22175196728590052,7.1268583439514845,0.29395362954156934,0.3361892602676478,0.40454545454545454
development_contact_network_018_no_outbreak,development_contact_network_018,development,no_outbreak,contact_network,9.696564889335527,,,8.154961368010433,7,0.7009873063832812,,24,0.22175196728590052,7.1268583439514845,0.29395362954156934,0.3361892602676478,0.8045454545454546
development_contact_network_019_outbreak,development_contact_network_019,development,outbreak,contact_network,7.229954679799535,63.0,68.0,6.082042131052652,5,0.7911273543402229,1.182579154557208,27,0.2957148011742846,6.01970360402714,0.43334172631826495,0.3451907873607858,0.2636363636363636
development_contact_network_019_no_outbreak,development_contact_network_019,development,no_outbreak,contact_network,7.229954679799535,,,6.082042131052652,5,0.7911273543402229,,27,0.2957148011742846,6.01970360402714,0.43334172631826495,0.3451907873607858,0.5954545454545455
development_slow_high_severity_000_outbreak,development_slow_high_severity_000,development,outbreak,slow_high_severity,9.219293705106006,84.0,93.0,9.954787006583771,9,0.7498101182848764,1.2672975726371638,33,0.24204534034234956,2.308591902576405,0.4147797284207757,0.3214297743473484,0.35909090909090907
development_slow_high_severity_000_no_outbreak,development_slow_high_severity_000,development,no_outbreak,slow_high_severity,9.219293705106006,,,9.954787006583771,9,0.7498101182848764,,33,0.24204534034234956,2.308591902576405,0.4147797284207757,0.3214297743473484,0.6636363636363637
development_slow_high_severity_001_outbreak,development_slow_high_severity_001,development,outbreak,slow_high_severity,11.664319700712444,77.0,84.0,7.6363902475907075,7,0.629661930429221,1.392315742901559,32,0.23648061804043974,3.0658828448185975,0.5887567158404905,0.15682715323642354,0.36818181818181817
development_slow_high_severity_001_no_outbreak,development_slow_high_severity_001,development,no_outbreak,slow_high_severity,11.664319700712444,,,7.6363902475907075,7,0.629661930429221,,32,0.23648061804043974,3.0658828448185975,0.5887567158404905,0.15682715323642354,0.7045454545454546
development_slow_high_severity_002_outbreak,development_slow_high_severity_002,development,outbreak,slow_high_severity,11.876303260726779,80.0,84.0,4.775416387407418,4,0.6763305956085293,1.4483147173650175,19,0.39754512258287306,4.31892715968589,0.20701088600341716,0.27535597554578767,0.39090909090909093
development_slow_high_severity_002_no_outbreak,development_slow_high_severity_002,development,no_outbreak,slow_high_severity,11.876303260726779,,,4.775416387407418,4,0.6763305956085293,,19,0.39754512258287306,4.31892715968589,0.20701088600341716,0.27535597554578767,0.8181818181818182
development_slow_high_severity_003_outbreak,development_slow_high_severity_003,development,outbreak,slow_high_severity,11.070422156000504,84.0,92.0,8.793591787059576,8,0.7573790995883576,1.1106807348084549,24,0.4630756501081961,5.98080859771704,0.38876185834752597,0.27065734073347575,0.2909090909090909
development_slow_high_severity_003_no_outbreak,development_slow_high_severity_003,development,no_outbreak,slow_high_severity,11.070422156000504,,,8.793591787059576,8,0.7573790995883576,,24,0.4630756501081961,5.98080859771704,0.38876185834752597,0.27065734073347575,0.55
development_slow_high_severity_004_outbreak,development_slow_high_severity_004,development,outbreak,slow_high_severity,10.715613528779944,93.0,96.0,3.54416720605276,3,0.8716574139190549,1.4353224937337958,18,0.2171703689086039,3.837635217638121,0.2580366475996253,0.3277882958476098,0.5409090909090909
development_slow_high_severity_004_no_outbreak,development_slow_high_severity_004,development,no_outbreak,slow_high_severity,10.715613528779944,,,3.54416720605276,3,0.8716574139190549,,18,0.2171703689086039,3.837635217638121,0.2580366475996253,0.3277882958476098,0.7636363636363637
development_slow_high_severity_005_outbreak,development_slow_high_severity_005,development,outbreak,slow_high_severity,8.188888364292763,82.0,86.0,5.093114606524013,4,0.6256628760721589,1.340590270170952,34,0.30888184602397,6.020238186583369,0.20457071281289108,0.0800678692604283,0.6
development_slow_high_severity_005_no_outbreak,development_slow_high_severity_005,development,no_outbreak,slow_high_severity,8.188888364292763,,,5.093114606524013,4,0.6256628760721589,,34,0.30888184602397,6.020238186583369,0.20457071281289108,0.0800678692604283,0.7636363636363637
development_slow_high_severity_006_outbreak,development_slow_high_severity_006,development,outbreak,slow_high_severity,11.827041226000741,81.0,84.0,3.9619386279755084,3,0.7256208829970483,1.2511629997510612,31,0.5647978973103017,2.6870801256137837,0.23224231080385987,0.09265300040554565,0.4636363636363636
development_slow_high_severity_006_no_outbreak,development_slow_high_severity_006,development,no_outbreak,slow_high_severity,11.827041226000741,,,3.9619386279755084,3,0.7256208829970483,,31,0.5647978973103017,2.6870801256137837,0.23224231080385987,0.09265300040554565,0.7909090909090909
development_slow_high_severity_007_outbreak,development_slow_high_severity_007,development,outbreak,slow_high_severity,9.830914758228674,95.0,102.0,7.794650993903007,7,0.6930689696609657,1.198402495761659,21,0.5066168801692069,6.621713906850994,0.25698032993729175,0.3330416461129893,0.38636363636363635
development_slow_high_severity_007_no_outbreak,development_slow_high_severity_007,development,no_outbreak,slow_high_severity,9.830914758228674,,,7.794650993903007,7,0.6930689696609657,,21,0.5066168801692069,6.621713906850994,0.25698032993729175,0.3330416461129893,0.6636363636363637
development_slow_high_severity_008_outbreak,development_slow_high_severity_008,development,outbreak,slow_high_severity,9.528850618772285,83.0,87.0,4.6972685804655185,4,0.5995165196078764,1.140289969749252,33,0.43057671325337155,4.44091396509201,0.3444036560921312,0.3141243627317108,0.44545454545454544
development_slow_high_severity_008_no_outbreak,development_slow_high_severity_008,development,no_outbreak,slow_high_severity,9.528850618772285,,,4.6972685804655185,4,0.5995165196078764,,33,0.43057671325337155,4.44091396509201,0.3444036560921312,0.3141243627317108,0.6409090909090909
development_slow_high_severity_009_outbreak,development_slow_high_severity_009,development,outbreak,slow_high_severity,8.352027090359268,99.0,108.0,9.83499708498653,9,0.6179314294014795,1.1759702325356969,37,0.47403894945141317,2.113843372591246,0.5384541271198917,0.13497341888237008,0.42727272727272725
development_slow_high_severity_009_no_outbreak,development_slow_high_severity_009,development,no_outbreak,slow_high_severity,8.352027090359268,,,9.83499708498653,9,0.6179314294014795,,37,0.47403894945141317,2.113843372591246,0.5384541271198917,0.13497341888237008,0.509090909090909
development_slow_high_severity_010_outbreak,development_slow_high_severity_010,development,outbreak,slow_high_severity,8.670966011167664,88.0,95.0,8.142658079710143,7,0.765115682363675,1.1033095346808075,19,0.5971351691731377,2.082550032443268,0.5701048253848897,0.25856690992219267,0.19545454545454546
development_slow_high_severity_010_no_outbreak,development_slow_high_severity_010,development,no_outbreak,slow_high_severity,8.670966011167664,,,8.142658079710143,7,0.765115682363675,,19,0.5971351691731377,2.082550032443268,0.5701048253848897,0.25856690992219267,0.35454545454545455
development_slow_high_severity_011_outbreak,development_slow_high_severity_011,development,outbreak,slow_high_severity,12.26274300684064,99.0,102.0,3.5328015420904793,3,0.6535039264965787,1.2239485196963267,26,0.2823953954745315,4.084153758179273,0.2841244319150083,0.31413066297109254,0.4590909090909091
development_slow_high_severity_011_no_outbreak,development_slow_high_severity_011,development,no_outbreak,slow_high_severity,12.26274300684064,,,3.5328015420904793,3,0.6535039264965787,,26,0.2823953954745315,4.084153758179273,0.2841244319150083,0.31413066297109254,0.8545454545454545
development_slow_high_severity_012_outbreak,development_slow_high_severity_012,development,outbreak,slow_high_severity,12.216676801596524,89.0,93.0,4.639978359051167,4,0.6563919337686961,1.1954485240456887,33,0.1941463359602085,6.93905690864206,0.3576425167785462,0.08873839954946514,0.5681818181818182
development_slow_high_severity_012_no_outbreak,development_slow_high_severity_012,development,no_outbreak,slow_high_severity,12.216676801596524,,,4.639978359051167,4,0.6563919337686961,,33,0.1941463359602085,6.93905690864206,0.3576425167785462,0.08873839954946514,0.8136363636363636
development_slow_high_severity_013_outbreak,development_slow_high_severity_013,development,outbreak,slow_high_severity,10.870408828655407,93.0,102.0,9.830725867059796,9,0.8143483552115777,1.2432232650343182,36,0.23406060986422145,3.676439478640182,0.182780246028103,0.33323177783779995,0.6727272727272727
development_slow_high_severity_013_no_outbreak,development_slow_high_severity_013,development,no_outbreak,slow_high_severity,10.870408828655407,,,9.830725867059796,9,0.8143483552115777,,36,0.23406060986422145,3.676439478640182,0.182780246028103,0.33323177783779995,0.8272727272727273
development_slow_high_severity_014_outbreak,development_slow_high_severity_014,development,outbreak,slow_high_severity,11.09324435018313,96.0,104.0,9.614339637708076,8,0.5997026940242329,1.1714141022661722,32,0.5559788329919004,5.03000272741269,0.3036563907887255,0.07860969844091488,0.2636363636363636
development_slow_high_severity_014_no_outbreak,development_slow_high_severity_014,development,no_outbreak,slow_high_severity,11.09324435018313,,,9.614339637708076,8,0.5997026940242329,,32,0.5559788329919004,5.03000272741269,0.3036563907887255,0.07860969844091488,0.6181818181818182
development_slow_high_severity_015_outbreak,development_slow_high_severity_015,development,outbreak,slow_high_severity,9.788147299764574,96.0,100.0,4.668457928977747,4,0.8779211708638699,1.2378793416141498,21,0.2858019638093863,5.765389432943618,0.4463281797665392,0.07030864311997725,0.2909090909090909
development_slow_high_severity_015_no_outbreak,development_slow_high_severity_015,development,no_outbreak,slow_high_severity,9.788147299764574,,,4.668457928977747,4,0.8779211708638699,,21,0.2858019638093863,5.765389432943618,0.4463281797665392,0.07030864311997725,0.5909090909090909
development_slow_high_severity_016_outbreak,development_slow_high_severity_016,development,outbreak,slow_high_severity,8.997106836277077,63.0,67.0,4.2139648167730295,4,0.7168626399535767,1.4178450848594653,37,0.4367050277335787,6.877018741004388,0.45811925441065093,0.19584337024628123,0.2818181818181818
development_slow_high_severity_016_no_outbreak,development_slow_high_severity_016,development,no_outbreak,slow_high_severity,8.997106836277077,,,4.2139648167730295,4,0.7168626399535767,,37,0.4367050277335787,6.877018741004388,0.45811925441065093,0.19584337024628123,0.5863636363636363
development_slow_high_severity_017_outbreak,development_slow_high_severity_017,development,outbreak,slow_high_severity,9.596652544560376,102.0,108.0,7.171100744294512,6,0.599600665941258,1.4008037249680867,34,0.4791350070444016,6.782522327232136,0.21942955205093245,0.11093110567768426,0.7136363636363636
development_slow_high_severity_017_no_outbreak,development_slow_high_severity_017,development,no_outbreak,slow_high_severity,9.596652544560376,,,7.171100744294512,6,0.599600665941258,,34,0.4791350070444016,6.782522327232136,0.21942955205093245,0.11093110567768426,0.8
development_slow_high_severity_018_outbreak,development_slow_high_severity_018,development,outbreak,slow_high_severity,9.7469682647029,99.0,102.0,3.674471833547023,3,0.6346812269789808,1.2925439639181042,36,0.3295970549818436,5.226127094711403,0.23645270491542325,0.0755404743941793,0.5363636363636364
development_slow_high_severity_018_no_outbreak,development_slow_high_severity_018,development,no_outbreak,slow_high_severity,9.7469682647029,,,3.674471833547023,3,0.6346812269789808,,36,0.3295970549818436,5.226127094711403,0.23645270491542325,0.0755404743941793,0.7318181818181818
development_slow_high_severity_019_outbreak,development_slow_high_severity_019,development,outbreak,slow_high_severity,10.659104724456466,78.0,85.0,7.9612025573775655,7,0.8541861412642795,1.211798171295393,38,0.22111957214038605,5.101410672523289,0.20456014998761865,0.25169998653071374,0.5181818181818182
development_slow_high_severity_019_no_outbreak,development_slow_high_severity_019,development,no_outbreak,slow_high_severity,10.659104724456466,,,7.9612025573775655,7,0.8541861412642795,,38,0.22111957214038605,5.101410672523289,0.20456014998761865,0.25169998653071374,0.7545454545454545
