city,region,bg_end,bg_mean,bg_std,sig_valid_start,bimodal_takeoff,T1,T2,T_peak,Tp,T3,T1_low,T1_high,T2_low,T2_high,Tp_low,Tp_high,pre_T1_days,alert_days,rise_days,post_peak_decline_days,resolution_days,alert_days_GT_norm,alert_days_SI_norm,T1_strength,T2_strength,T1_raw_z,T2_dom_gap,T1_to_T2_days,T1_to_peak_days,T1_lead_peak,T1_minus_sig_valid_start,short_alert_class,intervention_window,method_structural,T1_energy,T2_energy,Tp_energy,alert_days_energy,T1_energy_delta_vs_struct,T2_energy_delta_vs_struct,energy_baseline_ok,SNR,SNR_capped,log1p_SNR,T1_confidence,T2_confidence,confidence,T1_日期,T2_日期,T_peak_日期,T3_日期
七台河市,七台河市,30,0.0,0.71,115,,27,47,164,164,201,27,27,40,54,162,165,27,20,117,37,32,7.692,9.091,0.153,0.791,0.0,0.353,20,137,137,-88,B_sparse,actionable_window,v31_1_archetype_adaptive,159,162,163,3,132,115,True,4534063034.58,1000.0,22.234884291798615,medium,high,medium,2009-06-09,2009-06-29,2009-10-24,2009-11-30
三亚市,三亚市,30,0.0,0.71,35,39.0,161,166,171,171,224,158,167,166,166,169,173,161,5,5,53,9,1.923,2.273,0.87,0.428,3.5,-0.484,5,10,10,126,A_fast_outbreak,narrow_window,v31_1_archetype_adaptive,120,160,171,40,-41,-6,True,44765190046.06,1000.0,24.524696666462052,high,medium,high,2009-10-21,2009-10-26,2009-10-31,2009-12-23
三明市,三明市,30,0.0,0.71,102,106.0,118,132,209,209,219,112,124,130,139,208,211,118,14,77,10,14,5.385,6.364,0.553,0.635,2.5,0.063,14,91,91,16,D_unclassified,actionable_window,v31_1_archetype_adaptive,117,120,209,3,-1,-12,True,74614984445.41,1000.0,25.035607187878522,high,high,medium,2009-09-08,2009-09-22,2009-12-08,2009-12-18
三门峡市,三门峡市,30,0.0,0.71,92,,159,161,162,162,179,153,165,156,165,159,162,159,2,1,17,54,0.769,0.909,0.604,0.481,3.57,-0.203,2,3,3,67,B_sparse,too_short_for_action,v31_1_archetype_adaptive,106,109,161,3,-53,-52,True,15812727994.98,1000.0,23.484081022048578,high,medium,high,2009-10-19,2009-10-21,2009-10-22,2009-11-08
上海市,上海市,30,0.43,0.71,0,0.0,181,194,208,208,218,179,187,187,201,205,212,181,13,14,10,15,5.0,5.909,0.885,0.62,30.65,-0.666,13,27,27,181,C_import_driven,actionable_window,v31_1_archetype_adaptive,30,193,226,163,-151,-1,True,83.49,83.49,4.436608456211355,high,medium,medium,2009-11-10,2009-11-23,2009-12-07,2009-12-17
上饶市,上饶市,30,0.0,0.71,89,,170,180,190,190,222,164,176,173,187,189,192,170,10,10,32,11,3.846,4.545,0.659,0.599,2.75,-0.305,10,20,20,81,D_unclassified,actionable_window,v31_1_archetype_adaptive,104,164,190,60,-66,-16,True,46977863759.83,1000.0,24.572942343896607,high,medium,high,2009-10-30,2009-11-09,2009-11-19,2009-12-21
东莞市,东莞市,30,0.0,0.71,18,22.0,33,56,193,193,221,27,39,55,63,192,194,33,23,137,28,12,8.846,10.455,0.624,0.715,3.54,0.064,23,160,160,15,D_unclassified,actionable_window,v31_1_archetype_adaptive,32,162,193,130,-1,106,True,304084406604.45,1000.0,26.44057115312149,high,high,high,2009-06-15,2009-07-08,2009-11-22,2009-12-20
东营市,东营市,30,0.0,0.71,121,,166,178,191,191,201,160,171,176,185,190,192,166,12,13,10,32,4.615,5.455,0.76,0.614,2.73,0.022,12,25,25,45,B_sparse,actionable_window,v31_1_archetype_adaptive,164,167,191,3,-2,-11,True,15014149504.01,1000.0,23.432258893754447,high,high,medium,2009-10-26,2009-11-07,2009-11-20,2009-11-30
中卫市,中卫市,30,0.0,0.71,140,,161,167,174,174,184,155,167,161,174,173,176,161,6,7,10,49,2.308,2.727,0.747,0.51,3.72,-0.32,6,13,13,21,A_fast_outbreak,moderate_window,v31_1_archetype_adaptive,159,162,175,3,-2,-5,True,39019921147.05,1000.0,24.387338151330887,high,medium,medium,2009-10-21,2009-10-27,2009-11-03,2009-11-13
中山市,中山市,30,0.0,0.71,29,33.0,107,157,192,192,221,101,113,150,163,191,194,107,50,35,29,12,19.231,22.727,0.675,0.706,4.67,0.011,50,85,85,78,D_unclassified,actionable_window,v31_1_archetype_adaptive,93,163,193,70,-14,6,True,87145686567.51,1000.0,25.190847113350355,high,high,high,2009-08-28,2009-10-17,2009-11-21,2009-12-20
临汾市,临汾市,30,0.0,0.71,117,121.0,169,175,182,182,218,168,175,168,182,179,183,169,6,7,36,15,2.308,2.727,0.6,0.506,4.0,-0.162,6,13,13,52,A_fast_outbreak,moderate_window,v31_1_archetype_adaptive,165,168,181,3,-4,-7,True,62069362061.7,1000.0,24.85151833961174,high,medium,high,2009-10-29,2009-11-04,2009-11-11,2009-12-17
临沂市,临沂市,30,0.0,0.71,100,104.0,116,131,200,200,224,110,122,128,138,199,202,116,15,69,24,9,5.769,6.818,0.556,0.675,5.33,0.016,15,84,84,16,D_unclassified,actionable_window,v31_1_archetype_adaptive,114,117,201,3,-2,-14,True,66629235476.36,1000.0,24.922409289304632,high,high,high,2009-09-06,2009-09-21,2009-11-29,2009-12-23
临沧市,临沧市,30,0.0,0.71,107,111.0,200,207,214,214,224,196,206,200,207,213,216,200,7,7,10,9,2.692,3.182,0.754,0.45,3.36,-0.652,7,14,14,93,A_fast_outbreak,actionable_window,v31_1_archetype_adaptive,122,190,215,68,-78,-17,True,420608006447.64,1000.0,26.76496713581282,high,medium,medium,2009-11-29,2009-12-06,2009-12-13,2009-12-23
丹东市,丹东市,30,0.0,0.71,107,111.0,151,161,172,172,220,145,155,157,167,171,174,151,10,11,48,13,3.846,4.545,0.533,0.673,2.71,0.083,10,21,21,44,D_unclassified,actionable_window,v31_1_archetype_adaptive,149,152,172,3,-2,-9,True,30149035553.39,1000.0,24.129418771362293,high,high,high,2009-10-11,2009-10-21,2009-11-01,2009-12-19
丽水市,丽水市,30,0.0,0.71,46,50.0,118,155,193,193,211,112,124,148,162,192,194,118,37,38,18,22,14.231,16.818,0.663,0.622,4.12,-0.031,37,75,75,72,D_unclassified,actionable_window,v31_1_archetype_adaptive,61,160,193,99,-57,5,True,130011774817.32,1000.0,25.59089085882579,high,medium,high,2009-09-08,2009-10-15,2009-11-22,2009-12-10
丽江市,丽江市,30,0.0,0.71,113,117.0,133,137,156,156,195,127,139,130,144,155,157,133,4,19,39,38,1.538,1.818,0.581,0.648,2.57,0.205,4,23,23,20,D_unclassified,narrow_window,v31_1_archetype_adaptive,131,137,156,6,-2,0,True,23599101192.33,1000.0,23.88447446322414,high,high,high,2009-09-23,2009-09-27,2009-10-16,2009-11-24
乌兰察布市,乌兰察布市,30,0.0,0.71,131,135.0,156,157,164,164,175,150,159,157,157,162,165,156,1,7,11,58,0.385,0.455,0.835,0.435,2.65,-0.393,1,8,8,25,A_fast_outbreak,too_short_for_action,v31_1_archetype_adaptive,155,158,164,3,-1,1,True,150134143111.95,1000.0,25.734795018825594,high,medium,high,2009-10-16,2009-10-17,2009-10-24,2009-11-04
乌海市,乌海市,30,0.0,0.71,118,122.0,152,155,158,158,173,146,158,153,162,156,158,152,3,3,15,60,1.154,1.364,0.644,0.513,4.0,-0.245,3,6,6,34,A_fast_outbreak,narrow_window,v31_1_archetype_adaptive,132,140,157,8,-20,-15,True,75974870134.05,1000.0,25.053668466436132,high,medium,high,2009-10-12,2009-10-15,2009-10-18,2009-11-02
乌鲁木齐市,乌鲁木齐市,30,0.0,0.71,94,98.0,110,122,175,175,211,104,116,122,129,172,178,110,12,53,36,22,4.615,5.455,0.696,0.453,6.35,0.076,12,65,65,16,D_unclassified,actionable_window,v31_1_archetype_adaptive,108,111,175,3,-2,-11,True,228029658048.0,1000.0,26.15274153660356,high,medium,high,2009-08-31,2009-09-12,2009-11-04,2009-12-10
乐山市,乐山市,30,0.0,0.71,71,,112,123,174,174,218,106,118,121,130,171,177,112,11,51,44,15,4.231,5.0,0.772,0.531,3.87,0.031,11,62,62,41,D_unclassified,actionable_window,v31_1_archetype_adaptive,110,113,174,3,-2,-10,True,16659133504.74,1000.0,23.536224461872852,high,high,high,2009-09-02,2009-09-13,2009-11-03,2009-12-17
九江市,九江市,30,0.0,0.71,86,,126,127,131,131,160,120,132,120,134,130,133,126,1,4,29,73,0.385,0.455,0.78,0.502,3.35,-0.421,1,5,5,40,D_unclassified,too_short_for_action,v31_1_archetype_adaptive,101,114,131,13,-25,-13,True,20478065047.05,1000.0,23.742620152578496,high,medium,high,2009-09-16,2009-09-17,2009-09-21,2009-10-20
云浮市,云浮市,30,0.0,0.71,107,111.0,174,182,190,190,200,172,180,175,189,188,192,174,8,8,10,33,3.077,3.636,0.714,0.599,2.52,-0.338,8,16,16,67,D_unclassified,actionable_window,v31_1_archetype_adaptive,150,166,190,16,-24,-16,True,66294685463.96,1000.0,24.917375572025765,high,medium,medium,2009-11-03,2009-11-11,2009-11-19,2009-11-29
亳州市,亳州市,30,0.0,0.71,93,,109,111,112,112,159,103,115,111,111,111,113,109,2,1,47,74,0.769,0.909,0.72,0.414,4.53,-0.125,2,3,3,16,A_fast_outbreak,too_short_for_action,v31_1_archetype_adaptive,107,110,112,3,-2,-1,True,15537200455.64,1000.0,23.466503014861214,high,low,medium,2009-08-30,2009-09-01,2009-09-02,2009-10-19
伊春市,伊春市,30,0.0,0.71,116,,133,141,168,168,199,127,139,138,148,166,170,133,8,27,31,34,3.077,3.636,0.729,0.53,3.81,0.022,8,35,35,17,D_unclassified,actionable_window,v31_1_archetype_adaptive,131,134,168,3,-2,-7,True,14926186573.11,1000.0,23.426382995518182,high,high,high,2009-09-23,2009-10-01,2009-10-28,2009-11-28
佛山市,佛山市,30,0.1,0.71,0,32.0,159,174,190,190,220,157,165,167,181,188,191,159,15,16,30,13,5.769,6.818,0.639,0.468,4.32,-0.652,15,31,31,159,C_import_driven,actionable_window,v31_1_archetype_adaptive,41,149,190,108,-118,-25,True,21.91,21.91,3.1314914104855025,high,medium,high,2009-10-19,2009-11-03,2009-11-19,2009-12-19
佳木斯市,佳木斯市,30,0.0,0.71,120,,27,86,174,174,216,27,27,83,93,172,176,27,59,88,42,17,22.692,26.818,0.364,0.826,0.0,0.358,59,147,147,-93,B_sparse,actionable_window,v31_1_archetype_adaptive,149,152,174,3,122,66,True,19673013396.46,1000.0,23.702513655247856,medium,high,medium,2009-06-09,2009-08-07,2009-11-03,2009-12-15
保定市,保定市,30,0.0,0.71,91,95.0,153,164,175,175,226,147,158,160,171,172,177,153,11,11,51,7,4.231,5.0,0.647,0.642,2.91,-0.264,11,22,22,62,D_unclassified,actionable_window,v31_1_archetype_adaptive,152,163,175,11,-1,-1,True,72720889982.55,1000.0,25.009894525238444,high,medium,high,2009-10-13,2009-10-24,2009-11-04,2009-12-25
保山市,保山市,30,0.0,0.71,99,103.0,118,119,120,120,129,112,120,112,126,120,121,118,1,1,9,104,0.385,0.455,0.746,0.48,3.68,-0.25,1,2,2,19,D_unclassified,too_short_for_action,v31_1_archetype_adaptive,116,119,120,3,-2,0,True,35246043029.37,1000.0,24.285619105446006,high,medium,high,2009-09-08,2009-09-09,2009-09-10,2009-09-19
信阳市,信阳市,30,0.0,0.71,78,82.0,111,112,113,113,123,105,117,112,119,113,114,111,1,1,10,110,0.385,0.455,0.629,0.459,2.27,-0.252,1,2,2,33,A_fast_outbreak,too_short_for_action,v31_1_archetype_adaptive,110,112,113,2,-1,0,True,42480985360.33,1000.0,24.472322409499263,high,medium,medium,2009-09-01,2009-09-02,2009-09-03,2009-09-13
儋州市,儋州市,30,0.0,0.71,104,,27,39,177,177,187,27,27,32,44,174,178,27,12,138,10,46,4.615,5.455,0.375,0.768,0.0,0.421,12,150,150,-77,B_sparse,actionable_window,v31_1_archetype_adaptive,27,107,136,80,0,68,True,5363235355.79,1000.0,22.402833241270123,medium,high,medium,2009-06-09,2009-06-21,2009-11-06,2009-11-16
克拉玛依市,克拉玛依市,30,0.0,0.71,97,101.0,143,151,160,160,217,137,149,151,151,157,163,143,8,9,57,16,3.077,3.636,0.793,0.291,3.91,-0.663,8,17,17,46,D_unclassified,actionable_window,v31_1_archetype_adaptive,115,118,160,3,-28,-33,True,78835058158.49,1000.0,25.09062363537255,high,low,medium,2009-10-03,2009-10-11,2009-10-20,2009-12-16
六安市,六安市,30,0.0,0.71,92,96.0,113,114,117,117,127,107,119,107,121,116,118,113,1,3,10,106,0.385,0.455,0.681,0.512,2.65,-0.193,1,4,4,21,A_fast_outbreak,too_short_for_action,v31_1_archetype_adaptive,112,115,117,3,-1,1,True,33633144442.2,1000.0,24.23877785946344,high,medium,high,2009-09-03,2009-09-04,2009-09-07,2009-09-17
六盘水市,六盘水市,30,0.07,0.71,12,16.0,158,160,164,164,176,157,164,153,161,163,166,158,2,4,12,57,0.769,0.909,0.734,0.465,2.63,-0.411,2,6,6,146,D_unclassified,too_short_for_action,v31_1_archetype_adaptive,153,156,165,3,-5,-4,True,43988386820.61,1000.0,24.507191500154967,high,medium,high,2009-10-18,2009-10-20,2009-10-24,2009-11-05
兰州市,兰州市,30,0.0,0.71,74,78.0,157,158,169,169,210,155,163,158,158,166,172,157,1,11,41,23,0.385,0.455,0.737,0.395,27.1,-0.151,1,12,12,83,A_fast_outbreak,too_short_for_action,v31_1_archetype_adaptive,102,105,169,3,-55,-53,True,229328938642.79,1000.0,26.15842322313758,high,low,medium,2009-10-17,2009-10-18,2009-10-29,2009-12-09
内江市,内江市,30,0.0,0.71,15,,119,139,160,160,201,113,120,132,146,158,161,119,20,21,41,32,7.692,9.091,0.447,0.643,2.9,0.009,20,41,41,104,D_unclassified,actionable_window,v31_1_archetype_adaptive,116,143,159,27,-3,4,True,41567710332.52,1000.0,24.45058950891337,medium,high,medium,2009-09-09,2009-09-29,2009-10-20,2009-11-30
包头市,包头市,30,0.0,0.71,104,108.0,126,129,131,131,182,120,132,129,129,130,132,126,3,2,51,51,1.154,1.364,0.574,0.427,2.5,0.148,3,5,5,22,D_unclassified,narrow_window,v31_1_archetype_adaptive,125,128,131,3,-1,-1,True,23078117036.77,1000.0,23.862150691105928,high,medium,high,2009-09-16,2009-09-19,2009-09-21,2009-11-11
北京市,北京市,30,0.5,0.76,8,11.0,119,122,162,162,224,113,125,115,129,160,165,119,3,40,62,9,1.154,1.364,0.64,0.823,70.95,0.523,3,43,43,111,D_unclassified,narrow_window,v31_1_archetype_adaptive,30,124,162,94,-89,2,True,233.96,233.96,5.459405840015391,high,high,high,2009-09-09,2009-09-12,2009-10-22,2009-12-23
北海市,北海市,30,0.0,0.71,88,92.0,110,117,190,190,222,104,116,115,124,189,191,110,7,73,32,11,2.692,3.182,0.559,0.69,2.87,0.109,7,80,80,22,D_unclassified,actionable_window,v31_1_archetype_adaptive,109,112,190,3,-1,-5,True,42363908641.15,1000.0,24.469562625428154,high,high,high,2009-08-31,2009-09-07,2009-11-19,2009-12-21
十堰市,十堰市,30,0.03,0.71,7,11.0,119,138,159,159,222,113,125,133,142,158,160,119,19,21,63,11,7.308,8.636,0.59,0.63,6.15,0.013,19,40,40,112,D_unclassified,actionable_window,v31_1_archetype_adaptive,117,120,159,3,-2,-18,True,83617241627.84,1000.0,25.149515575352083,high,high,high,2009-09-09,2009-09-28,2009-10-19,2009-12-21
南京市,南京市,30,0.0,0.71,14,18.0,151,179,208,208,218,150,157,172,186,207,211,151,28,29,10,15,10.769,12.727,0.747,0.507,5.72,-0.412,28,57,57,137,D_unclassified,actionable_window,v31_1_archetype_adaptive,39,96,209,57,-112,-83,True,146887326832.88,1000.0,25.71293164570274,high,medium,medium,2009-10-11,2009-11-08,2009-12-07,2009-12-17
南充市,南充市,30,0.0,0.71,96,100.0,119,125,163,163,211,117,125,121,132,161,164,119,6,38,48,22,2.308,2.727,0.699,0.467,13.29,0.006,6,44,44,23,D_unclassified,actionable_window,v31_1_archetype_adaptive,111,133,163,22,-8,8,True,166579293543.04,1000.0,25.83873727050354,high,medium,high,2009-09-09,2009-09-15,2009-10-23,2009-12-10
南宁市,南宁市,30,0.0,0.71,71,20.0,156,157,193,193,219,155,162,150,158,191,194,156,1,36,26,14,0.385,0.455,0.66,0.649,16.95,0.026,1,37,37,85,D_unclassified,too_short_for_action,v31_1_archetype_adaptive,117,155,193,38,-39,-2,True,1432837677290.05,1000.0,27.990677983613956,high,high,high,2009-10-16,2009-10-17,2009-11-22,2009-12-18
南平市,南平市,30,0.0,0.71,74,78.0,188,197,207,207,217,185,194,190,204,206,210,188,9,10,10,16,3.462,4.091,0.632,0.484,10.14,-0.72,9,19,19,114,D_unclassified,actionable_window,v31_1_archetype_adaptive,177,193,208,16,-11,-4,True,76833129902.49,1000.0,25.064901763034587,high,medium,medium,2009-11-17,2009-11-26,2009-12-06,2009-12-16
南昌市,南昌市,30,0.03,0.71,65,17.0,165,172,179,179,210,164,171,165,179,176,180,165,7,7,31,23,2.692,3.182,0.822,0.53,12.7,-0.266,7,14,14,100,A_fast_outbreak,actionable_window,v31_1_archetype_adaptive,112,144,178,32,-53,-28,True,206345631277.68,1000.0,26.052818421506668,high,medium,high,2009-10-25,2009-11-01,2009-11-08,2009-12-09
南通市,南通市,30,0.03,0.71,12,16.0,187,196,206,206,216,184,193,189,203,204,208,187,9,10,10,17,3.462,4.091,0.691,0.498,8.91,-0.67,9,19,19,175,D_unclassified,actionable_window,v31_1_archetype_adaptive,91,159,206,68,-96,-37,True,95777959317.72,1000.0,25.285298425711126,high,medium,medium,2009-11-16,2009-11-25,2009-12-05,2009-12-15
南阳市,南阳市,30,0.0,0.71,99,103.0,180,185,191,191,201,174,182,182,192,189,192,180,5,6,10,32,1.923,2.273,0.816,0.564,2.83,-0.137,5,11,11,81,A_fast_outbreak,narrow_window,v31_1_archetype_adaptive,119,164,206,45,-61,-21,True,46352240160.26,1000.0,24.559535459209208,high,medium,medium,2009-11-09,2009-11-14,2009-11-20,2009-11-30
厦门市,厦门市,30,0.0,0.71,16,20.0,146,169,193,193,203,140,148,162,176,191,194,146,23,24,10,30,8.846,10.455,0.734,0.532,2.7,-0.408,23,47,47,130,D_unclassified,actionable_window,v31_1_archetype_adaptive,39,148,193,109,-107,-21,True,227611775589.02,1000.0,26.150907275953436,high,medium,medium,2009-10-06,2009-10-29,2009-11-22,2009-12-02
双鸭山市,双鸭山市,30,0.0,0.71,134,,150,151,152,152,161,144,156,149,158,151,153,150,1,1,9,72,0.385,0.455,0.545,0.479,1.98,-0.15,1,2,2,16,B_sparse,too_short_for_action,v31_1_archetype_adaptive,149,151,152,2,-1,0,True,12153435662.05,1000.0,23.220877737382157,high,medium,medium,2009-10-10,2009-10-11,2009-10-12,2009-10-21
台州市,台州市,30,0.03,0.71,11,15.0,189,194,199,199,225,188,195,187,201,197,200,189,5,5,26,8,1.923,2.273,0.822,0.54,34.91,-0.271,5,10,10,178,A_fast_outbreak,narrow_window,v31_1_archetype_adaptive,114,180,198,66,-75,-14,True,534651569323.46,1000.0,27.00488109938177,high,medium,high,2009-11-18,2009-11-23,2009-11-28,2009-12-24
合肥市,合肥市,30,0.0,0.71,39,43.0,134,148,200,200,210,131,139,141,151,197,202,134,14,52,10,23,5.385,6.364,0.83,0.643,7.43,-0.044,14,66,66,95,D_unclassified,actionable_window,v31_1_archetype_adaptive,102,105,200,3,-32,-43,True,104310775435.96,1000.0,25.370640505572357,high,medium,medium,2009-09-24,2009-10-08,2009-11-29,2009-12-09
吉安市,吉安市,30,0.0,0.71,70,,177,182,188,188,198,171,183,175,189,186,189,177,5,6,10,35,1.923,2.273,0.61,0.548,2.75,-0.207,5,11,11,107,A_fast_outbreak,narrow_window,v31_1_archetype_adaptive,142,145,188,3,-35,-37,True,25610143161.95,1000.0,23.96625432726148,high,medium,medium,2009-11-06,2009-11-11,2009-11-17,2009-11-27
吉林市,吉林市,30,0.0,0.71,24,28.0,113,154,195,195,205,107,117,147,161,193,197,113,41,41,10,28,15.769,18.636,0.872,0.654,2.69,-0.063,41,82,82,89,D_unclassified,actionable_window,v31_1_archetype_adaptive,53,111,125,58,-60,-43,True,165720916424.59,1000.0,25.83357098410404,high,medium,medium,2009-09-03,2009-10-14,2009-11-24,2009-12-04
吐鲁番市,吐鲁番市,30,0.0,0.71,139,143.0,155,159,164,164,221,149,160,152,166,162,165,155,4,5,57,12,1.538,1.818,0.614,0.517,3.23,-0.181,4,9,9,16,A_fast_outbreak,narrow_window,v31_1_archetype_adaptive,153,156,163,3,-2,-3,True,59079874539.28,1000.0,24.802156171050854,high,medium,high,2009-10-15,2009-10-19,2009-10-24,2009-12-20
吕梁市,吕梁市,30,0.0,0.71,125,129.0,157,158,168,168,211,151,159,151,165,165,169,157,1,10,43,22,0.385,0.455,0.564,0.686,2.78,0.22,1,11,11,32,A_fast_outbreak,too_short_for_action,v31_1_archetype_adaptive,155,158,167,3,-2,0,True,45855189322.93,1000.0,24.54875420970093,high,high,high,2009-10-17,2009-10-18,2009-10-28,2009-12-10
吴忠市,吴忠市,30,0.0,0.71,142,146.0,161,163,164,164,174,155,167,160,170,162,164,161,2,1,10,59,0.769,0.909,0.626,0.492,3.59,-0.349,2,3,3,19,A_fast_outbreak,too_short_for_action,v31_1_archetype_adaptive,159,162,163,3,-2,-1,True,33354303030.05,1000.0,24.230452627403174,high,medium,medium,2009-10-21,2009-10-23,2009-10-24,2009-11-03
周口市,周口市,30,0.0,0.71,113,,197,201,206,206,216,191,199,194,208,204,208,197,4,5,10,17,1.538,1.818,0.472,0.652,2.67,0.133,4,9,9,84,A_fast_outbreak,narrow_window,v31_1_archetype_adaptive,187,192,205,5,-10,-9,True,37025593704.2,1000.0,24.334875232223574,high,high,medium,2009-11-26,2009-11-30,2009-12-05,2009-12-15
呼伦贝尔市,呼伦贝尔市,30,0.0,0.71,102,106.0,121,124,127,127,164,115,127,117,131,126,128,121,3,3,37,69,1.154,1.364,0.525,0.464,2.7,0.183,3,6,6,19,A_fast_outbreak,narrow_window,v31_1_archetype_adaptive,119,122,127,3,-2,-2,True,45115413838.4,1000.0,24.53248979533991,high,medium,high,2009-09-11,2009-09-14,2009-09-17,2009-10-24
呼和浩特市,呼和浩特市,30,0.0,0.71,107,111.0,126,134,165,165,203,120,132,133,141,163,166,126,8,31,38,30,3.077,3.636,0.565,0.663,3.53,0.144,8,39,39,19,D_unclassified,actionable_window,v31_1_archetype_adaptive,125,143,165,18,-1,9,True,43339901348.7,1000.0,24.492339556856873,high,high,high,2009-09-16,2009-09-24,2009-10-25,2009-12-02
咸宁市,咸宁市,30,0.0,0.71,100,,187,188,191,191,217,181,193,181,195,189,192,187,1,3,26,16,0.385,0.455,0.771,0.482,3.38,-0.248,1,4,4,87,B_sparse,too_short_for_action,v31_1_archetype_adaptive,184,187,191,3,-3,-1,True,19164432763.25,1000.0,23.67632193785875,high,medium,high,2009-11-16,2009-11-17,2009-11-20,2009-12-16
咸阳市,咸阳市,30,0.0,0.71,55,59.0,160,167,174,174,184,154,161,162,174,168,180,160,7,7,10,49,2.692,3.182,0.531,0.561,3.08,-0.056,7,14,14,105,A_fast_outbreak,actionable_window,v31_1_archetype_adaptive,155,158,177,3,-5,-9,True,125521133013.08,1000.0,25.555739971892553,high,medium,medium,2009-10-20,2009-10-27,2009-11-03,2009-11-13
哈密市,哈密市,30,0.0,0.71,118,,134,154,175,175,185,128,140,151,161,173,176,134,20,21,10,48,7.692,9.091,0.496,0.691,2.93,0.002,20,41,41,16,D_unclassified,actionable_window,v31_1_archetype_adaptive,132,149,174,17,-2,-5,True,38302471258.95,1000.0,24.36878025480995,high,high,medium,2009-09-24,2009-10-14,2009-11-04,2009-11-14
哈尔滨市,哈尔滨市,30,0.0,0.71,43,47.0,119,122,129,129,184,113,125,115,129,127,130,119,3,7,55,49,1.154,1.364,0.554,0.643,3.41,0.634,3,10,10,76,A_fast_outbreak,narrow_window,v31_1_archetype_adaptive,116,119,129,3,-3,-3,True,330369907017.67,1000.0,26.523478793993203,high,high,high,2009-09-09,2009-09-12,2009-09-19,2009-11-13
唐山市,唐山市,30,0.0,0.71,30,34.0,149,158,196,196,222,143,155,153,165,195,197,149,9,38,26,11,3.462,4.091,0.64,0.6,2.81,-0.002,9,47,47,119,D_unclassified,actionable_window,v31_1_archetype_adaptive,148,151,196,3,-1,-7,True,53269098421.09,1000.0,24.6986222330483,high,medium,high,2009-10-09,2009-10-18,2009-11-25,2009-12-21
商丘市,商丘市,30,0.0,0.71,92,96.0,168,169,174,174,184,162,169,169,176,173,175,168,1,5,10,49,0.385,0.455,0.765,0.45,3.91,-0.37,1,6,6,76,A_fast_outbreak,too_short_for_action,v31_1_archetype_adaptive,166,169,174,3,-2,0,True,43761375047.19,1000.0,24.502017417057072,high,medium,medium,2009-10-28,2009-10-29,2009-11-03,2009-11-13
商洛市,商洛市,30,0.0,0.71,130,,157,166,176,176,186,151,163,159,173,172,178,157,9,10,10,47,3.462,4.091,0.697,0.523,3.13,-0.251,9,19,19,27,D_unclassified,actionable_window,v31_1_archetype_adaptive,155,158,174,3,-2,-8,True,36006520602.2,1000.0,24.306965886867424,high,medium,medium,2009-10-17,2009-10-26,2009-11-05,2009-11-15
嘉兴市,嘉兴市,30,0.0,0.71,20,24.0,113,116,203,203,213,107,119,109,123,200,206,113,3,87,10,20,1.154,1.364,0.751,0.667,3.21,0.118,3,90,90,93,D_unclassified,narrow_window,v31_1_archetype_adaptive,59,104,203,45,-54,-12,True,63555759122.82,1000.0,24.87518345398204,high,high,medium,2009-09-03,2009-09-06,2009-12-02,2009-12-12
嘉峪关市,嘉峪关市,30,0.0,0.71,77,,119,121,122,122,197,115,125,114,128,120,123,119,2,1,75,36,0.769,0.909,0.749,0.472,2.98,-0.017,2,3,3,42,D_unclassified,too_short_for_action,v31_1_archetype_adaptive,115,118,122,3,-4,-3,True,13066656689.44,1000.0,23.293329531587684,high,medium,high,2009-09-09,2009-09-11,2009-09-12,2009-11-26
四平市,四平市,30,0.0,0.71,41,,180,188,196,196,220,180,180,181,195,195,197,180,8,8,24,13,3.077,3.636,0.38,0.606,2.5,0.004,8,16,16,139,D_unclassified,actionable_window,v31_1_archetype_adaptive,175,178,196,3,-5,-10,True,26452169083.31,1000.0,23.998603998856492,medium,high,medium,2009-11-09,2009-11-17,2009-11-25,2009-12-19
固原市,固原市,30,0.0,0.71,148,152.0,164,167,170,170,218,158,170,160,174,168,171,164,3,3,48,15,1.154,1.364,0.49,0.575,2.81,-0.021,3,6,6,16,A_fast_outbreak,narrow_window,v31_1_archetype_adaptive,163,166,169,3,-1,-1,True,50364980478.23,1000.0,24.642561938755,high,medium,high,2009-10-24,2009-10-27,2009-10-30,2009-12-17
大同市,大同市,30,0.0,0.71,123,127.0,157,164,172,172,212,151,163,157,171,169,175,157,7,8,40,21,2.692,3.182,0.626,0.527,8.2,-0.202,7,15,15,34,D_unclassified,actionable_window,v31_1_archetype_adaptive,150,153,173,3,-7,-11,True,91166152017.33,1000.0,25.235949524987284,high,medium,high,2009-10-17,2009-10-24,2009-11-01,2009-12-11
大庆市,大庆市,30,0.0,0.71,59,63.0,129,131,132,132,212,123,135,131,131,131,133,129,2,1,80,21,0.769,0.909,0.762,0.374,4.94,-0.24,2,3,3,70,A_fast_outbreak,too_short_for_action,v31_1_archetype_adaptive,127,130,132,3,-2,-1,True,21018346656.06,1000.0,23.768661543595826,high,low,medium,2009-09-19,2009-09-21,2009-09-22,2009-12-11
大连市,大连市,30,0.0,0.71,17,21.0,120,125,130,130,146,120,120,118,132,128,131,120,5,5,16,87,1.923,2.273,0.375,0.604,2.53,0.009,5,10,10,103,A_fast_outbreak,narrow_window,v31_1_archetype_adaptive,119,122,130,3,-1,-3,True,101076619493.14,1000.0,25.339144675042327,medium,high,medium,2009-09-10,2009-09-15,2009-09-20,2009-10-06
天水市,天水市,30,0.0,0.71,93,97.0,160,167,174,174,219,158,164,160,174,173,175,160,7,7,45,14,2.692,3.182,0.68,0.577,3.27,-0.072,7,14,14,67,A_fast_outbreak,actionable_window,v31_1_archetype_adaptive,152,165,174,13,-8,-2,True,175270482142.83,1000.0,25.889596229891108,high,medium,high,2009-10-20,2009-10-27,2009-11-03,2009-12-18
天津市,天津市,30,0.1,0.71,9,13.0,100,137,174,174,226,94,106,130,144,172,177,100,37,37,52,7,14.231,16.818,0.617,0.793,2.99,-0.076,37,74,74,91,D_unclassified,actionable_window,v31_1_archetype_adaptive,98,144,175,46,-2,7,True,153138253777.69,1000.0,25.754606969789144,high,medium,high,2009-08-21,2009-09-27,2009-11-03,2009-12-25
太原市,太原市,30,0.03,0.71,118,9.0,151,161,171,171,218,147,157,154,168,170,172,151,10,10,47,15,3.846,4.545,0.897,0.469,2.63,-0.723,10,20,20,33,D_unclassified,actionable_window,v31_1_archetype_adaptive,133,149,171,16,-18,-12,True,173052006643.23,1000.0,25.876858002708776,high,medium,high,2009-10-11,2009-10-21,2009-10-31,2009-12-17
威海市,威海市,30,0.0,0.71,111,115.0,151,164,178,178,210,145,157,160,170,177,179,151,13,14,32,23,5.0,5.909,0.691,0.667,2.64,-0.002,13,27,27,40,D_unclassified,actionable_window,v31_1_archetype_adaptive,150,153,178,3,-1,-11,True,85298373656.65,1000.0,25.16942122511516,high,medium,high,2009-10-11,2009-10-24,2009-11-07,2009-12-09
娄底市,娄底市,30,0.0,0.71,105,109.0,153,163,173,173,213,153,159,156,170,169,178,153,10,10,40,20,3.846,4.545,0.681,0.615,4.94,-0.117,10,20,20,48,D_unclassified,actionable_window,v31_1_archetype_adaptive,119,152,173,33,-34,-11,True,100021653872.19,1000.0,25.32865253822529,high,medium,high,2009-10-13,2009-10-23,2009-11-02,2009-12-12
孝感市,孝感市,30,0.0,0.71,100,,27,66,172,172,202,27,27,63,73,171,173,27,39,106,30,31,15.0,17.727,0.388,0.769,0.0,0.224,39,145,145,-73,B_sparse,actionable_window,v31_1_archetype_adaptive,115,137,172,22,88,71,True,8473247513.36,1000.0,22.86017968586366,medium,high,medium,2009-06-09,2009-07-18,2009-11-01,2009-12-01
宁德市,宁德市,30,0.0,0.71,46,50.0,167,187,207,207,217,161,171,180,194,202,212,167,20,20,10,16,7.692,9.091,0.688,0.639,7.23,-0.081,20,40,40,121,D_unclassified,actionable_window,v31_1_archetype_adaptive,161,194,205,33,-6,7,True,77462911754.78,1000.0,25.073065100770293,high,medium,medium,2009-10-27,2009-11-16,2009-12-06,2009-12-16
宁波市,宁波市,30,0.07,0.71,11,14.0,102,105,196,196,206,96,107,101,112,193,198,102,3,91,10,27,1.154,1.364,0.643,0.812,2.99,0.494,3,94,94,91,D_unclassified,narrow_window,v31_1_archetype_adaptive,91,176,196,85,-11,71,True,398838460470.47,1000.0,26.71182231088418,high,high,medium,2009-08-23,2009-08-26,2009-11-25,2009-12-05
安庆市,安庆市,30,0.0,0.71,31,35.0,156,158,160,160,219,153,161,151,165,155,166,156,2,2,59,14,0.769,0.909,0.643,0.615,7.55,-0.067,2,4,4,125,A_fast_outbreak,too_short_for_action,v31_1_archetype_adaptive,117,120,157,3,-39,-38,True,40019331080.62,1000.0,24.41262845136019,high,medium,high,2009-10-16,2009-10-18,2009-10-20,2009-12-18
安康市,安康市,30,0.0,0.71,132,,165,179,194,194,207,159,168,172,186,194,196,165,14,15,13,26,5.385,6.364,0.755,0.553,2.6,-0.161,14,29,29,33,D_unclassified,actionable_window,v31_1_archetype_adaptive,149,163,195,14,-16,-16,True,30457742180.48,1000.0,24.139606057617485,high,medium,high,2009-10-25,2009-11-08,2009-11-23,2009-12-06
安阳市,安阳市,30,0.0,0.71,111,115.0,196,201,210,210,223,191,202,194,204,209,212,196,5,9,13,10,1.923,2.273,0.737,0.654,3.01,0.036,5,14,14,85,A_fast_outbreak,narrow_window,v31_1_archetype_adaptive,129,192,210,63,-67,-9,True,39901215463.42,1000.0,24.409672623145592,high,high,high,2009-11-25,2009-11-30,2009-12-09,2009-12-22
安顺市,安顺市,30,0.0,0.71,118,122.0,150,153,169,169,220,146,156,146,155,167,171,150,3,16,51,13,1.154,1.364,0.67,0.521,2.78,0.426,3,19,19,32,D_unclassified,narrow_window,v31_1_archetype_adaptive,149,153,169,4,-1,0,True,247990944418.28,1000.0,26.236658068006342,high,high,high,2009-10-10,2009-10-13,2009-10-29,2009-12-19
定西市,定西市,30,0.0,0.71,90,94.0,160,165,170,170,219,154,166,158,167,167,172,160,5,5,49,14,1.923,2.273,0.589,0.516,3.33,-0.208,5,10,10,70,A_fast_outbreak,narrow_window,v31_1_archetype_adaptive,159,162,170,3,-1,-3,True,80995539993.75,1000.0,25.117659928309628,high,medium,high,2009-10-20,2009-10-25,2009-10-30,2009-12-18
宜宾市,宜宾市,30,0.0,0.71,100,,27,32,209,209,219,21,27,25,39,206,211,27,5,177,10,14,1.923,2.273,0.44,0.837,0.0,0.438,5,182,182,-73,B_sparse,narrow_window,v31_1_archetype_adaptive,180,183,208,3,153,151,True,10672935970.74,1000.0,23.090977025772677,medium,high,medium,2009-06-09,2009-06-14,2009-12-08,2009-12-18
宜昌市,宜昌市,30,0.0,0.71,61,65.0,116,117,127,127,222,110,122,110,117,124,129,116,1,10,95,11,0.385,0.455,0.463,0.453,2.56,0.18,1,11,11,55,A_fast_outbreak,too_short_for_action,v31_1_archetype_adaptive,115,118,126,3,-1,1,True,36448732733.46,1000.0,24.319172527566387,high,medium,high,2009-09-06,2009-09-07,2009-09-17,2009-12-21
宜春市,宜春市,30,0.0,0.71,99,103.0,166,178,190,190,200,160,169,171,185,188,192,166,12,12,10,33,4.615,5.455,0.595,0.641,2.53,-0.202,12,24,24,67,D_unclassified,actionable_window,v31_1_archetype_adaptive,134,147,190,13,-32,-31,True,47968588459.68,1000.0,24.593812226567415,high,medium,medium,2009-10-26,2009-11-07,2009-11-19,2009-11-29
宝鸡市,宝鸡市,30,0.0,0.71,115,119.0,155,157,160,160,218,149,161,150,164,159,161,155,2,3,58,15,0.769,0.909,0.678,0.534,3.15,-0.231,2,5,5,40,A_fast_outbreak,too_short_for_action,v31_1_archetype_adaptive,153,156,160,3,-2,-1,True,92732701804.1,1000.0,25.252987017591014,high,medium,high,2009-10-15,2009-10-17,2009-10-20,2009-12-17
宣城市,宣城市,30,0.0,0.71,87,,114,148,171,171,221,108,120,145,155,168,172,114,34,23,50,12,13.077,15.455,0.526,0.742,3.98,0.277,34,57,57,27,D_unclassified,actionable_window,v31_1_archetype_adaptive,112,152,170,40,-2,4,True,26241756316.39,1000.0,23.9906177316096,high,high,high,2009-09-04,2009-10-08,2009-10-31,2009-12-20
宿州市,宿州市,30,0.0,0.71,95,,125,127,130,130,140,119,131,127,127,127,132,125,2,3,10,93,0.769,0.909,0.696,0.395,2.69,-0.207,2,5,5,30,A_fast_outbreak,too_short_for_action,v31_1_archetype_adaptive,116,119,130,3,-9,-8,True,15053539392.83,1000.0,23.434878976161393,high,low,low,2009-09-15,2009-09-17,2009-09-20,2009-09-30
宿迁市,宿迁市,30,0.0,0.71,98,102.0,125,129,208,208,218,125,131,125,134,206,209,125,4,79,10,15,1.538,1.818,0.561,0.722,2.84,0.078,4,83,83,27,D_unclassified,narrow_window,v31_1_archetype_adaptive,114,170,208,56,-11,41,True,38717694699.38,1000.0,24.379562559885667,high,high,medium,2009-09-15,2009-09-19,2009-12-07,2009-12-17
岳阳市,岳阳市,30,0.0,0.71,97,101.0,183,188,193,193,217,181,189,181,195,192,195,183,5,5,24,16,1.923,2.273,0.86,0.495,4.51,-0.272,5,10,10,86,A_fast_outbreak,narrow_window,v31_1_archetype_adaptive,112,115,166,3,-71,-73,True,55059286933.19,1000.0,24.73167638587223,high,medium,high,2009-11-12,2009-11-17,2009-11-22,2009-12-16
崇左市,崇左市,30,0.0,0.71,66,70.0,170,174,178,178,188,170,170,167,181,177,179,170,4,4,10,45,1.538,1.818,0.387,0.724,3.04,-0.021,4,8,8,104,A_fast_outbreak,narrow_window,v31_1_archetype_adaptive,157,160,178,3,-13,-14,True,51976310290.7,1000.0,24.674053880410238,medium,medium,medium,2009-10-30,2009-11-03,2009-11-07,2009-11-17
巴中市,巴中市,30,0.0,0.71,99,103.0,150,153,159,159,203,144,156,146,160,157,160,150,3,6,44,30,1.154,1.364,0.709,0.51,3.05,0.451,3,9,9,51,A_fast_outbreak,narrow_window,v31_1_archetype_adaptive,130,139,159,9,-20,-14,True,91665064190.47,1000.0,25.241407164244485,high,high,high,2009-10-10,2009-10-13,2009-10-19,2009-12-02
巴彦淖尔市,巴彦淖尔市,30,0.0,0.71,144,,27,84,170,170,180,21,32,81,91,170,171,27,57,86,10,53,21.923,25.909,0.526,0.698,0.0,0.333,57,143,143,-117,B_sparse,actionable_window,v31_1_archetype_adaptive,164,167,170,3,137,83,True,21482047098.25,1000.0,23.790483404618076,high,high,medium,2009-06-09,2009-08-05,2009-10-30,2009-11-09
常州市,常州市,30,0.0,0.71,26,30.0,112,115,120,120,153,106,118,108,122,118,122,112,3,5,33,80,1.154,1.364,0.493,0.658,3.35,0.55,3,8,8,86,A_fast_outbreak,narrow_window,v31_1_archetype_adaptive,110,113,120,3,-2,-2,True,59135280885.46,1000.0,24.80309355255729,high,high,high,2009-09-02,2009-09-05,2009-09-10,2009-10-13
常德市,常德市,30,0.0,0.71,96,19.0,148,158,169,169,204,144,154,154,165,167,171,148,10,11,35,29,3.846,4.545,0.911,0.581,2.92,-0.413,10,21,21,52,D_unclassified,actionable_window,v31_1_archetype_adaptive,113,147,169,34,-35,-11,True,273811277208.11,1000.0,26.33570493671409,high,medium,high,2009-10-08,2009-10-18,2009-10-29,2009-12-03
平凉市,平凉市,30,0.0,0.71,142,101.0,167,179,192,192,205,164,168,172,182,191,194,167,12,13,13,28,4.615,5.455,0.762,0.533,3.35,-0.249,12,25,25,25,D_unclassified,actionable_window,v31_1_archetype_adaptive,158,164,193,6,-9,-15,True,151400467326.94,1000.0,25.743194264655326,high,medium,high,2009-10-27,2009-11-08,2009-11-21,2009-12-04
平顶山市,平顶山市,30,0.0,0.71,77,81.0,161,162,180,180,217,160,167,155,163,177,183,161,1,18,37,16,0.385,0.455,0.8,0.635,4.0,0.058,1,19,19,84,D_unclassified,too_short_for_action,v31_1_archetype_adaptive,108,154,179,46,-53,-8,True,132413669890.82,1000.0,25.609196722036824,high,high,high,2009-10-21,2009-10-22,2009-11-09,2009-12-16
广元市,广元市,30,0.0,0.71,95,99.0,114,117,120,120,138,108,120,110,124,118,121,114,3,3,18,95,1.154,1.364,0.563,0.458,3.96,0.083,3,6,6,19,A_fast_outbreak,narrow_window,v31_1_archetype_adaptive,112,115,119,3,-2,-2,True,41906087349.0,1000.0,24.45869693613829,high,medium,high,2009-09-04,2009-09-07,2009-09-10,2009-09-28
广安市,广安市,30,0.0,0.71,120,124.0,153,156,159,159,186,147,156,153,163,158,160,153,3,3,27,47,1.154,1.364,0.537,0.646,5.25,-0.054,3,6,6,33,A_fast_outbreak,narrow_window,v31_1_archetype_adaptive,151,154,159,3,-2,-2,True,60487614203.34,1000.0,24.825704457129234,high,medium,high,2009-10-13,2009-10-16,2009-10-19,2009-11-15
广州市,广州市,30,0.3,0.71,0,2.0,143,167,191,191,201,143,149,160,174,189,194,143,24,24,10,32,9.231,10.909,0.802,0.586,6.71,-0.124,24,48,48,143,C_import_driven,actionable_window,v31_1_archetype_adaptive,30,117,192,87,-113,-50,True,68.54,68.54,4.24186151939473,high,medium,medium,2009-10-03,2009-10-27,2009-11-20,2009-11-30
庆阳市,庆阳市,30,0.0,0.71,129,133.0,159,167,175,175,203,153,160,162,174,173,176,159,8,8,28,30,3.077,3.636,0.788,0.603,2.99,-0.091,8,16,16,30,D_unclassified,actionable_window,v31_1_archetype_adaptive,157,160,175,3,-2,-7,True,132547298799.61,1000.0,25.610205390753404,high,medium,high,2009-10-19,2009-10-27,2009-11-04,2009-12-02
廊坊市,廊坊市,30,0.0,0.71,95,39.0,111,112,115,115,147,105,117,105,119,113,116,111,1,3,32,86,0.385,0.455,0.758,0.48,6.24,-0.176,1,4,4,16,A_fast_outbreak,too_short_for_action,v31_1_archetype_adaptive,109,112,115,3,-2,0,True,55780117969.87,1000.0,24.744683334074892,high,medium,high,2009-09-01,2009-09-02,2009-09-05,2009-10-07
延安市,延安市,30,0.0,0.71,118,122.0,152,153,158,158,170,146,156,146,160,157,159,152,1,5,12,63,0.385,0.455,0.803,0.456,2.52,-0.417,1,6,6,34,A_fast_outbreak,too_short_for_action,v31_1_archetype_adaptive,151,154,158,3,-1,1,True,65413289997.54,1000.0,24.90399128575193,high,medium,high,2009-10-12,2009-10-13,2009-10-18,2009-10-30
开封市,开封市,30,0.0,0.71,58,,124,134,167,167,207,118,126,133,141,166,168,124,10,33,40,26,3.846,4.545,0.514,0.706,3.05,0.166,10,43,43,66,D_unclassified,actionable_window,v31_1_archetype_adaptive,122,145,167,23,-2,11,True,47190575626.84,1000.0,24.577460040699634,high,high,high,2009-09-14,2009-09-24,2009-10-27,2009-12-06
张家口市,张家口市,30,0.0,0.71,94,98.0,153,158,164,164,209,147,155,153,165,159,170,153,5,6,45,24,1.923,2.273,0.598,0.533,3.01,-0.12,5,11,11,59,A_fast_outbreak,narrow_window,v31_1_archetype_adaptive,110,147,162,37,-43,-11,True,49521738113.48,1000.0,24.625677563949033,high,medium,high,2009-10-13,2009-10-18,2009-10-24,2009-12-08
张家界市,张家界市,30,0.0,0.71,50,,166,176,192,192,219,164,172,170,178,190,193,166,10,16,27,14,3.846,4.545,0.688,0.735,2.72,0.07,10,26,26,116,D_unclassified,actionable_window,v31_1_archetype_adaptive,116,147,192,31,-50,-29,True,30061770679.94,1000.0,24.126520124424783,high,high,high,2009-10-26,2009-11-05,2009-11-21,2009-12-18
张掖市,张掖市,30,0.0,0.71,103,107.0,158,161,164,164,196,152,164,155,166,162,164,158,3,3,32,37,1.154,1.364,0.532,0.623,3.05,-0.168,3,6,6,55,A_fast_outbreak,narrow_window,v31_1_archetype_adaptive,147,155,163,8,-11,-6,True,66383583337.3,1000.0,24.918715623979153,high,medium,high,2009-10-18,2009-10-21,2009-10-24,2009-11-25
徐州市,徐州市,30,0.0,0.71,40,44.0,144,164,191,191,226,138,148,160,171,189,194,144,20,27,35,7,7.692,9.091,0.706,0.574,3.43,0.021,20,47,47,104,D_unclassified,actionable_window,v31_1_archetype_adaptive,113,135,191,22,-31,-29,True,78007933588.04,1000.0,25.080076371143644,high,high,high,2009-10-04,2009-10-24,2009-11-20,2009-12-25
德州市,德州市,30,0.0,0.71,76,80.0,173,184,195,195,205,173,179,177,186,194,196,173,11,11,10,28,4.231,5.0,0.451,0.627,3.6,0.013,11,22,22,97,D_unclassified,actionable_window,v31_1_archetype_adaptive,170,173,195,3,-3,-11,True,44882449588.39,1000.0,24.5273126775401,medium,high,medium,2009-11-02,2009-11-13,2009-11-24,2009-12-04
德阳市,德阳市,30,0.0,0.71,75,79.0,147,151,155,155,165,141,153,144,158,153,155,147,4,4,10,68,1.538,1.818,0.681,0.554,2.57,-0.141,4,8,8,72,A_fast_outbreak,narrow_window,v31_1_archetype_adaptive,90,136,154,46,-57,-15,True,65506601624.57,1000.0,24.90541676268548,high,medium,medium,2009-10-07,2009-10-11,2009-10-15,2009-10-25
忻州市,忻州市,30,0.0,0.71,120,,164,167,182,182,220,162,170,160,169,181,185,164,3,15,38,13,1.154,1.364,0.595,0.705,2.85,0.265,3,18,18,44,D_unclassified,narrow_window,v31_1_archetype_adaptive,158,161,183,3,-6,-6,True,23721044970.08,1000.0,23.889628464535456,high,high,high,2009-10-24,2009-10-27,2009-11-11,2009-12-19
怀化市,怀化市,30,0.0,0.71,100,104.0,157,158,172,172,222,152,163,158,158,168,176,157,1,14,50,11,0.385,0.455,0.69,0.386,2.81,-0.107,1,15,15,57,D_unclassified,too_short_for_action,v31_1_archetype_adaptive,115,151,172,36,-42,-7,True,59026049769.12,1000.0,24.80124470493763,high,low,medium,2009-10-17,2009-10-18,2009-11-01,2009-12-21
惠州市,惠州市,30,0.0,0.71,78,82.0,110,118,192,192,222,104,116,116,124,189,194,110,8,74,30,11,3.077,3.636,0.601,0.549,3.02,0.054,8,82,82,32,D_unclassified,actionable_window,v31_1_archetype_adaptive,109,112,192,3,-1,-6,True,29263920260.64,1000.0,24.09962120379747,high,high,high,2009-08-31,2009-09-08,2009-11-21,2009-12-21
成都市,成都市,30,0.37,0.87,7,11.0,120,143,167,167,219,114,126,136,144,165,169,120,23,24,52,14,8.846,10.455,0.523,0.721,17.83,0.045,23,47,47,113,D_unclassified,actionable_window,v31_1_archetype_adaptive,63,107,168,44,-57,-36,True,204195885277.29,1000.0,26.04234559202483,high,high,high,2009-09-10,2009-10-03,2009-10-27,2009-12-18
扬州市,扬州市,30,0.0,0.71,71,75.0,152,173,194,194,204,149,158,166,180,191,196,152,21,21,10,29,8.077,9.545,0.676,0.525,3.61,-0.528,21,42,42,81,D_unclassified,actionable_window,v31_1_archetype_adaptive,93,172,193,79,-59,-1,True,130430838699.94,1000.0,25.59410895158423,high,medium,medium,2009-10-12,2009-11-02,2009-11-23,2009-12-03
承德市,承德市,30,0.0,0.71,102,106.0,121,137,175,175,202,115,123,130,139,172,177,121,16,38,27,31,6.154,7.273,0.653,0.534,3.26,-0.237,16,54,54,19,D_unclassified,actionable_window,v31_1_archetype_adaptive,119,122,175,3,-2,-15,True,111045972689.19,1000.0,25.43321012089477,high,medium,high,2009-09-11,2009-09-27,2009-11-04,2009-12-01
抚州市,抚州市,30,0.0,0.71,39,,112,158,205,205,215,106,118,158,158,202,207,112,46,47,10,18,17.692,20.909,0.605,0.436,2.56,-0.423,46,93,93,73,D_unclassified,actionable_window,v31_1_archetype_adaptive,110,113,204,3,-2,-45,True,25149829018.38,1000.0,23.948116935034758,high,medium,medium,2009-09-02,2009-10-18,2009-12-04,2009-12-14
抚顺市,抚顺市,30,0.0,0.71,98,,159,162,165,165,196,153,165,155,162,162,168,159,3,3,31,37,1.154,1.364,0.686,0.454,2.95,-0.219,3,6,6,61,D_unclassified,narrow_window,v31_1_archetype_adaptive,146,149,165,3,-13,-13,True,21257975843.58,1000.0,23.77999799575937,high,medium,high,2009-10-19,2009-10-22,2009-10-25,2009-11-25
拉萨市,拉萨市,30,0.0,0.71,96,100.0,126,129,138,138,177,122,132,122,129,135,140,126,3,9,39,56,1.154,1.364,0.683,0.462,14.22,0.523,3,12,12,30,A_fast_outbreak,narrow_window,v31_1_archetype_adaptive,110,121,137,11,-16,-8,True,281556334570.27,1000.0,26.36359838731517,high,medium,high,2009-09-16,2009-09-19,2009-09-28,2009-11-06
揭阳市,揭阳市,30,0.0,0.71,98,102.0,168,182,196,196,206,162,174,175,189,195,197,168,14,14,10,27,5.385,6.364,0.697,0.498,2.87,-0.358,14,28,28,70,D_unclassified,actionable_window,v31_1_archetype_adaptive,117,120,196,3,-51,-62,True,63623113950.11,1000.0,24.87624266817312,high,medium,medium,2009-10-28,2009-11-11,2009-11-25,2009-12-05
攀枝花市,攀枝花市,30,0.0,0.71,109,113.0,134,136,137,137,206,128,140,133,143,136,138,134,2,1,69,27,0.769,0.909,0.573,0.524,6.13,-0.119,2,3,3,25,A_fast_outbreak,too_short_for_action,v31_1_archetype_adaptive,132,135,137,3,-2,-1,True,70969673993.53,1000.0,24.985518495905424,high,medium,high,2009-09-24,2009-09-26,2009-09-27,2009-12-05
新乡市,新乡市,30,0.0,0.71,97,,27,35,202,202,212,27,27,28,39,201,205,27,8,167,10,21,3.077,3.636,0.413,0.793,0.0,0.68,8,175,175,-70,B_sparse,actionable_window,v31_1_archetype_adaptive,118,176,203,58,91,141,True,16245387563.03,1000.0,23.511074863217555,medium,high,medium,2009-06-09,2009-06-17,2009-12-01,2009-12-11
新余市,新余市,30,0.0,0.71,39,,164,169,194,194,225,158,170,163,176,192,197,164,5,25,31,8,1.923,2.273,0.568,0.662,3.02,0.218,5,30,30,125,D_unclassified,narrow_window,v31_1_archetype_adaptive,114,117,194,3,-50,-52,True,19110547017.08,1000.0,23.673506219492317,high,high,high,2009-10-24,2009-10-29,2009-11-23,2009-12-24
无锡市,无锡市,30,0.0,0.71,25,29.0,110,114,119,119,129,104,110,107,121,118,120,110,4,5,10,104,1.538,1.818,0.423,0.677,2.54,0.03,4,9,9,85,A_fast_outbreak,narrow_window,v31_1_archetype_adaptive,109,112,119,3,-1,-2,True,68512755695.62,1000.0,24.950285779428032,medium,high,medium,2009-08-31,2009-09-04,2009-09-09,2009-09-19
日喀则市,日喀则市,30,0.0,0.71,113,76.0,154,157,177,177,201,151,160,150,160,174,180,154,3,20,24,32,1.154,1.364,0.754,0.586,77.01,0.029,3,23,23,41,D_unclassified,narrow_window,v31_1_archetype_adaptive,128,155,177,27,-26,-2,True,904534492176.23,1000.0,27.530686275026188,high,high,high,2009-10-14,2009-10-17,2009-11-06,2009-11-30
日照市,日照市,30,0.0,0.71,107,,190,206,209,209,219,188,196,206,213,206,212,190,16,3,10,14,6.154,7.273,0.77,0.452,2.91,0.05,16,19,19,83,D_unclassified,actionable_window,v31_1_archetype_adaptive,152,175,209,23,-38,-31,True,25027537677.19,1000.0,23.9432425627284,high,medium,medium,2009-11-19,2009-12-05,2009-12-08,2009-12-18
昆明市,昆明市,30,0.0,0.71,14,18.0,117,125,178,178,188,111,123,122,132,175,182,117,8,53,10,45,3.077,3.636,0.839,0.601,4.25,-0.009,8,61,61,103,D_unclassified,actionable_window,v31_1_archetype_adaptive,101,105,178,4,-16,-20,True,102435287263.96,1000.0,25.352497092387022,high,medium,medium,2009-09-07,2009-09-15,2009-11-07,2009-11-17
昭通市,昭通市,30,0.0,0.71,106,,130,146,176,176,208,124,136,146,148,174,178,130,16,30,32,25,6.154,7.273,0.684,0.451,3.17,0.081,16,46,46,24,D_unclassified,actionable_window,v31_1_archetype_adaptive,121,124,176,3,-9,-22,True,24028156819.0,1000.0,23.90249218046534,high,medium,high,2009-09-20,2009-10-06,2009-11-05,2009-12-07
晋中市,晋中市,30,0.0,0.71,139,143.0,172,180,189,189,215,169,178,173,187,188,191,172,8,9,26,18,3.077,3.636,0.776,0.506,4.4,-0.49,8,17,17,33,D_unclassified,actionable_window,v31_1_archetype_adaptive,154,162,190,8,-18,-18,True,49350448169.13,1000.0,24.62221268424627,high,medium,high,2009-11-01,2009-11-09,2009-11-18,2009-12-14
晋城市,晋城市,30,0.0,0.71,129,133.0,172,175,184,184,212,169,178,168,177,183,185,172,3,9,28,21,1.154,1.364,0.645,0.628,3.14,0.147,3,12,12,43,A_fast_outbreak,narrow_window,v31_1_archetype_adaptive,149,166,184,17,-23,-9,True,56180623446.33,1000.0,24.751837755878967,high,high,high,2009-11-01,2009-11-04,2009-11-13,2009-12-11
普洱市,普洱市,30,0.0,0.71,123,127.0,201,207,213,213,223,198,207,200,214,212,214,201,6,6,10,10,2.308,2.727,0.657,0.646,2.79,-0.076,6,12,12,78,A_fast_outbreak,moderate_window,v31_1_archetype_adaptive,153,198,213,45,-48,-9,True,81972435934.13,1000.0,25.129648880567938,high,medium,high,2009-11-30,2009-12-06,2009-12-12,2009-12-22
景德镇市,景德镇市,30,0.0,0.71,103,,167,168,172,172,182,161,173,161,175,170,174,167,1,4,10,51,0.385,0.455,0.551,0.513,2.57,0.127,1,5,5,64,A_fast_outbreak,too_short_for_action,v31_1_archetype_adaptive,118,152,172,34,-49,-16,True,22546365938.82,1000.0,23.838839734245838,high,high,medium,2009-10-27,2009-10-28,2009-11-01,2009-11-11
曲靖市,曲靖市,30,0.0,0.71,99,103.0,193,196,205,205,215,191,196,189,203,202,206,193,3,9,10,18,1.154,1.364,0.772,0.695,2.62,0.129,3,12,12,94,A_fast_outbreak,narrow_window,v31_1_archetype_adaptive,122,186,204,64,-71,-10,True,61887993907.76,1000.0,24.848592038353676,high,high,medium,2009-11-22,2009-11-25,2009-12-04,2009-12-14
朔州市,朔州市,30,0.0,0.71,147,118.0,172,174,176,176,187,166,178,171,181,174,176,172,2,2,11,46,0.769,0.909,0.467,0.511,6.76,-0.051,2,4,4,25,A_fast_outbreak,too_short_for_action,v31_1_archetype_adaptive,163,166,175,3,-9,-8,True,84228011125.17,1000.0,25.1567933765786,high,medium,high,2009-11-01,2009-11-03,2009-11-05,2009-11-16
朝阳市,朝阳市,30,0.0,0.71,106,,160,177,194,194,220,154,162,170,184,192,195,160,17,17,26,13,6.538,7.727,0.682,0.59,2.57,-0.101,17,34,34,54,D_unclassified,actionable_window,v31_1_archetype_adaptive,138,147,193,9,-22,-30,True,21745262843.51,1000.0,23.802661770506944,high,medium,high,2009-10-20,2009-11-06,2009-11-23,2009-12-19
本溪市,本溪市,30,0.0,0.71,36,,120,125,131,131,204,120,120,119,132,131,134,120,5,6,73,29,1.923,2.273,0.417,0.566,2.57,0.083,5,11,11,84,B_sparse,narrow_window,v31_1_archetype_adaptive,117,120,133,3,-3,-5,True,9139798095.43,1000.0,22.9359041320627,medium,high,medium,2009-09-10,2009-09-15,2009-09-21,2009-12-03
来宾市,来宾市,30,0.0,0.71,104,108.0,125,128,132,132,147,119,131,128,128,130,133,125,3,4,15,86,1.154,1.364,0.76,0.345,3.73,-0.577,3,7,7,21,A_fast_outbreak,narrow_window,v31_1_archetype_adaptive,123,126,132,3,-2,-2,True,24797693156.12,1000.0,23.934016467932903,high,low,medium,2009-09-15,2009-09-18,2009-09-22,2009-10-07
杭州市,杭州市,30,0.03,0.71,0,4.0,183,189,196,196,226,180,189,182,196,194,198,183,6,7,30,7,2.308,2.727,0.767,0.551,18.36,-0.258,6,13,13,183,C_import_driven,moderate_window,v31_1_archetype_adaptive,39,111,196,72,-144,-78,True,124.86,124.86,4.835178741588225,high,medium,high,2009-11-12,2009-11-18,2009-11-25,2009-12-25
松原市,松原市,30,0.0,0.71,102,106.0,118,120,121,121,134,112,124,120,120,120,122,118,2,1,13,99,0.769,0.909,0.665,0.362,2.53,-0.312,2,3,3,16,D_unclassified,too_short_for_action,v31_1_archetype_adaptive,117,120,121,3,-1,0,True,20731085402.46,1000.0,23.754900121090685,high,low,medium,2009-09-08,2009-09-10,2009-09-11,2009-09-24
枣庄市,枣庄市,30,0.0,0.71,102,106.0,181,184,187,187,203,175,187,184,184,186,188,181,3,3,16,30,1.154,1.364,0.734,0.425,2.76,-0.504,3,6,6,79,A_fast_outbreak,narrow_window,v31_1_archetype_adaptive,116,119,187,3,-65,-65,True,47566481292.35,1000.0,24.58539417562693,high,medium,high,2009-11-10,2009-11-13,2009-11-16,2009-12-02
柳州市,柳州市,30,0.03,0.71,103,15.0,132,135,191,191,221,129,136,133,142,189,193,132,3,56,30,12,1.154,1.364,0.701,0.537,5.13,0.408,3,59,59,29,D_unclassified,narrow_window,v31_1_archetype_adaptive,118,156,191,38,-14,21,True,187271976774.92,1000.0,25.955827818416413,high,high,high,2009-09-22,2009-09-25,2009-11-20,2009-12-20
株洲市,株洲市,30,0.0,0.71,47,51.0,125,157,190,190,222,119,131,150,164,188,193,125,32,33,32,11,12.308,14.545,0.506,0.638,2.94,-0.139,32,65,65,78,D_unclassified,actionable_window,v31_1_archetype_adaptive,116,155,190,39,-9,-2,True,119582500504.28,1000.0,25.507272350912107,high,medium,high,2009-09-15,2009-10-17,2009-11-19,2009-12-21
桂林市,桂林市,30,0.0,0.71,100,55.0,173,180,188,188,203,167,179,173,187,186,189,173,7,8,15,30,2.692,3.182,0.841,0.515,11.84,-0.442,7,15,15,73,D_unclassified,actionable_window,v31_1_archetype_adaptive,116,171,188,55,-57,-9,True,383114432141.12,1000.0,26.671599559940635,high,medium,high,2009-11-02,2009-11-09,2009-11-17,2009-12-02
梅州市,梅州市,30,0.0,0.71,67,71.0,154,168,183,183,213,148,160,165,175,180,186,154,14,15,30,20,5.385,6.364,0.783,0.56,3.16,-0.233,14,29,29,87,D_unclassified,actionable_window,v31_1_archetype_adaptive,152,155,182,3,-2,-13,True,39012830587.38,1000.0,24.3871564184166,high,medium,high,2009-10-14,2009-10-28,2009-11-12,2009-12-12
梧州市,梧州市,30,0.0,0.71,103,107.0,122,125,193,193,219,116,128,120,132,191,195,122,3,68,26,14,1.154,1.364,0.648,0.628,8.96,0.534,3,71,71,19,D_unclassified,narrow_window,v31_1_archetype_adaptive,116,119,193,3,-6,-6,True,203939589285.24,1000.0,26.041089655985378,high,high,high,2009-09-12,2009-09-15,2009-11-22,2009-12-18
榆林市,榆林市,30,0.0,0.71,143,147.0,160,166,173,173,208,159,166,166,166,171,174,160,6,7,35,25,2.308,2.727,0.801,0.411,2.64,-0.346,6,13,13,17,A_fast_outbreak,moderate_window,v31_1_archetype_adaptive,158,161,172,3,-2,-5,True,68111166901.02,1000.0,24.94440701466219,high,low,medium,2009-10-20,2009-10-26,2009-11-02,2009-12-07
武威市,武威市,30,0.0,0.71,96,,153,158,164,164,188,147,159,157,161,161,167,153,5,6,24,45,1.923,2.273,0.479,0.459,3.06,-0.018,5,11,11,57,A_fast_outbreak,narrow_window,v31_1_archetype_adaptive,115,136,163,21,-38,-22,True,30229225668.84,1000.0,24.132075030783035,high,medium,high,2009-10-13,2009-10-18,2009-10-24,2009-11-17
武汉市,武汉市,30,0.1,0.71,1,5.0,187,190,194,194,226,185,193,183,197,192,196,187,3,4,32,7,1.154,1.364,0.755,0.484,10.58,-0.222,3,7,7,186,C_import_driven,narrow_window,v31_1_archetype_adaptive,116,119,194,3,-71,-71,True,28.07,28.07,3.369790093636516,high,medium,high,2009-11-16,2009-11-19,2009-11-23,2009-12-25
毕节市,毕节市,30,0.0,0.71,122,126.0,151,152,159,159,176,149,153,145,159,157,160,151,1,7,17,57,0.385,0.455,0.853,0.546,2.62,-0.083,1,8,8,29,A_fast_outbreak,too_short_for_action,v31_1_archetype_adaptive,150,153,159,3,-1,1,True,163025697031.23,1000.0,25.81717367583211,high,medium,high,2009-10-11,2009-10-12,2009-10-19,2009-11-05
永州市,永州市,30,0.0,0.71,67,71.0,183,189,196,196,220,177,189,182,196,196,197,183,6,7,24,13,2.308,2.727,0.504,0.643,22.63,-0.019,6,13,13,116,A_fast_outbreak,moderate_window,v31_1_archetype_adaptive,81,180,196,99,-102,-9,True,390902034239.81,1000.0,26.691722813724642,high,medium,high,2009-11-12,2009-11-18,2009-11-25,2009-12-19
汉中市,汉中市,30,0.0,0.71,127,131.0,180,187,195,195,205,180,186,180,194,193,196,180,7,8,10,28,2.692,3.182,0.609,0.469,5.51,-0.526,7,15,15,53,D_unclassified,actionable_window,v31_1_archetype_adaptive,167,170,195,3,-13,-17,True,93008636644.66,1000.0,25.255958192945428,high,medium,medium,2009-11-09,2009-11-16,2009-11-24,2009-12-04
汕头市,汕头市,30,0.0,0.71,30,,135,145,189,189,199,129,137,144,152,187,190,135,10,44,10,34,3.846,4.545,0.748,0.761,2.68,0.127,10,54,54,105,D_unclassified,actionable_window,v31_1_archetype_adaptive,133,171,188,38,-2,26,True,35781224771.59,1000.0,24.30068914508919,high,high,medium,2009-09-25,2009-10-05,2009-11-18,2009-11-28
汕尾市,汕尾市,30,0.0,0.71,113,,153,168,196,196,206,147,159,167,175,193,198,153,15,28,10,27,5.769,6.818,0.81,0.496,3.04,0.009,15,43,43,40,D_unclassified,actionable_window,v31_1_archetype_adaptive,151,174,195,23,-2,6,True,32152298149.2,1000.0,24.193749767196653,high,medium,medium,2009-10-13,2009-10-28,2009-11-25,2009-12-05
江门市,江门市,30,0.1,0.71,10,14.0,183,188,194,194,220,178,189,181,195,193,195,183,5,6,26,13,1.923,2.273,0.619,0.575,5.58,-0.231,5,11,11,173,A_fast_outbreak,narrow_window,v31_1_archetype_adaptive,36,179,194,143,-147,-9,True,171097359602.82,1000.0,25.86549858583664,high,medium,high,2009-11-12,2009-11-17,2009-11-23,2009-12-19
池州市,池州市,30,0.0,0.71,70,74.0,132,139,172,172,198,127,138,136,146,171,174,132,7,33,26,35,2.692,3.182,0.622,0.726,2.64,0.041,7,40,40,62,D_unclassified,actionable_window,v31_1_archetype_adaptive,113,143,172,30,-19,4,True,53529601488.38,1000.0,24.70350063670182,high,high,high,2009-09-22,2009-09-29,2009-11-01,2009-11-27
沈阳市,沈阳市,30,0.03,0.71,9,13.0,115,118,175,175,221,109,121,111,125,169,181,115,3,57,46,12,1.154,1.364,0.636,0.689,2.79,0.151,3,60,60,106,D_unclassified,narrow_window,v31_1_archetype_adaptive,114,117,175,3,-1,-1,True,73493070368.52,1000.0,25.020456958033655,high,high,high,2009-09-05,2009-09-08,2009-11-04,2009-12-20
沧州市,沧州市,30,0.0,0.71,21,25.0,174,178,183,183,193,168,180,171,185,180,186,174,4,5,10,40,1.538,1.818,0.504,0.539,7.9,-0.007,4,9,9,153,A_fast_outbreak,narrow_window,v31_1_archetype_adaptive,129,161,183,32,-45,-17,True,94247242387.93,1000.0,25.269187404373568,high,medium,medium,2009-11-03,2009-11-07,2009-11-12,2009-11-22
河池市,河池市,30,0.0,0.71,104,108.0,161,195,212,212,225,156,167,191,199,211,213,161,34,17,13,8,13.077,15.455,0.682,0.797,4.44,0.288,34,51,51,57,D_unclassified,actionable_window,v31_1_archetype_adaptive,125,191,212,66,-36,-4,True,195350337587.6,1000.0,25.998060386567808,high,high,high,2009-10-21,2009-11-24,2009-12-11,2009-12-24
河源市,河源市,30,0.0,0.71,47,51.0,187,189,193,193,203,181,193,189,189,191,195,187,2,4,10,30,0.769,0.909,0.812,0.436,2.94,-0.237,2,6,6,140,A_fast_outbreak,too_short_for_action,v31_1_archetype_adaptive,112,172,193,60,-75,-17,True,40957648397.48,1000.0,24.435804403883022,high,medium,medium,2009-11-16,2009-11-18,2009-11-22,2009-12-02
泉州市,泉州市,30,0.03,0.71,0,4.0,185,199,214,214,224,184,190,193,206,212,216,185,14,15,10,9,5.385,6.364,0.732,0.704,3.43,-0.142,14,29,29,185,C_import_driven,actionable_window,v31_1_archetype_adaptive,125,205,214,80,-60,6,True,48.8,48.8,3.908072548450341,high,medium,medium,2009-11-14,2009-11-28,2009-12-13,2009-12-23
泰安市,泰安市,30,0.0,0.71,91,95.0,181,186,192,192,202,180,187,179,192,189,193,181,5,6,10,31,1.923,2.273,0.676,0.458,5.36,-0.282,5,11,11,90,A_fast_outbreak,narrow_window,v31_1_archetype_adaptive,109,112,191,3,-72,-74,True,70224574640.68,1000.0,24.974964152840162,high,medium,medium,2009-11-10,2009-11-15,2009-11-21,2009-12-01
泰州市,泰州市,30,0.0,0.71,50,54.0,130,148,167,167,179,129,136,143,154,166,168,130,18,19,12,54,6.923,8.182,0.735,0.585,4.28,-0.107,18,37,37,80,D_unclassified,actionable_window,v31_1_archetype_adaptive,110,147,167,37,-20,-1,True,81417995377.08,1000.0,25.122862158962583,high,medium,high,2009-09-20,2009-10-08,2009-10-27,2009-11-08
泸州市,泸州市,30,0.0,0.71,131,135.0,151,154,157,157,195,145,155,154,154,156,158,151,3,3,38,38,1.154,1.364,0.709,0.4,3.64,-0.671,3,6,6,20,A_fast_outbreak,narrow_window,v31_1_archetype_adaptive,150,153,157,3,-1,-1,True,122974620969.07,1000.0,25.535243837452484,high,low,medium,2009-10-11,2009-10-14,2009-10-17,2009-11-24
洛阳市,洛阳市,30,0.0,0.71,86,31.0,103,105,106,106,143,97,109,105,105,105,107,103,2,1,37,90,0.769,0.909,0.679,0.417,4.2,-0.339,2,3,3,17,A_fast_outbreak,too_short_for_action,v31_1_archetype_adaptive,101,104,106,3,-2,-1,True,93039401322.23,1000.0,25.25628891051912,high,low,medium,2009-08-24,2009-08-26,2009-08-27,2009-10-03
济南市,济南市,30,0.0,0.71,27,31.0,134,166,199,199,209,128,137,159,173,194,205,134,32,33,10,24,12.308,14.545,0.707,0.534,2.69,-0.127,32,65,65,107,D_unclassified,actionable_window,v31_1_archetype_adaptive,60,123,197,63,-74,-43,True,87711439108.21,1000.0,25.197318162359288,high,medium,medium,2009-09-24,2009-10-26,2009-11-28,2009-12-08
济宁市,济宁市,30,0.0,0.71,103,107.0,128,142,206,206,220,125,131,139,149,205,207,128,14,64,14,13,5.385,6.364,0.702,0.642,2.94,0.031,14,78,78,25,D_unclassified,actionable_window,v31_1_archetype_adaptive,121,187,206,66,-7,45,True,70449820848.49,1000.0,24.978166532342385,high,high,high,2009-09-18,2009-10-02,2009-12-05,2009-12-19
海东市,海东市,30,0.0,0.71,109,113.0,148,149,161,161,189,142,154,149,149,159,163,148,1,12,28,44,0.385,0.455,0.719,0.402,2.97,-0.026,1,13,13,39,A_fast_outbreak,too_short_for_action,v31_1_archetype_adaptive,124,129,161,5,-24,-20,True,113737417618.89,1000.0,25.45715827432861,high,low,medium,2009-10-08,2009-10-09,2009-10-21,2009-11-18
海口市,海口市,30,0.03,0.71,11,15.0,152,158,164,164,211,146,154,151,165,162,166,152,6,6,47,22,2.308,2.727,0.584,0.568,3.63,-0.082,6,12,12,141,A_fast_outbreak,moderate_window,v31_1_archetype_adaptive,114,134,164,20,-38,-24,True,88795117433.22,1000.0,25.20959750158396,high,medium,high,2009-10-12,2009-10-18,2009-10-24,2009-12-10
淄博市,淄博市,30,0.0,0.71,131,135.0,184,185,188,188,201,178,185,183,192,187,189,184,1,3,13,32,0.385,0.455,0.617,0.551,3.93,-0.164,1,4,4,53,A_fast_outbreak,too_short_for_action,v31_1_archetype_adaptive,147,158,188,11,-37,-27,True,48347738674.49,1000.0,24.601685287855126,high,medium,high,2009-11-13,2009-11-14,2009-11-17,2009-11-30
淮北市,淮北市,30,0.0,0.71,78,,135,161,187,187,197,129,138,154,165,186,189,135,26,26,10,36,10.0,11.818,0.559,0.571,2.58,-0.367,26,52,52,57,D_unclassified,actionable_window,v31_1_archetype_adaptive,133,136,187,3,-2,-25,True,28050462932.83,1000.0,24.057270972658813,high,medium,medium,2009-09-25,2009-10-21,2009-11-16,2009-11-26
淮南市,淮南市,30,0.0,0.71,18,,118,157,185,185,214,112,124,155,164,184,187,118,39,28,29,19,15.0,17.727,0.486,0.671,2.85,0.101,39,67,67,100,D_unclassified,actionable_window,v31_1_archetype_adaptive,116,165,185,49,-2,8,True,30137907300.57,1000.0,24.129049595138678,high,high,high,2009-09-08,2009-10-17,2009-11-14,2009-12-13
淮安市,淮安市,30,0.0,0.71,44,48.0,109,159,210,210,220,103,115,152,166,209,212,109,50,51,10,13,19.231,22.727,0.721,0.469,2.78,-0.317,50,101,101,65,D_unclassified,actionable_window,v31_1_archetype_adaptive,103,106,210,3,-6,-53,True,51559913598.0,1000.0,24.66601033927891,high,medium,medium,2009-08-30,2009-10-19,2009-12-09,2009-12-19
深圳市,深圳市,30,0.17,0.71,1,5.0,190,193,197,197,221,189,196,186,195,196,198,190,3,4,24,12,1.154,1.364,0.778,0.576,35.76,-0.518,3,7,7,189,C_import_driven,narrow_window,v31_1_archetype_adaptive,31,115,197,84,-159,-78,True,86.23,86.23,4.46852806916002,high,medium,high,2009-11-19,2009-11-22,2009-11-26,2009-12-20
清远市,清远市,30,0.0,0.71,160,164.0,187,188,194,194,222,181,193,185,195,193,195,187,1,6,28,11,0.385,0.455,0.574,0.581,2.95,-0.119,1,7,7,27,A_fast_outbreak,too_short_for_action,v31_1_archetype_adaptive,181,184,194,3,-6,-4,True,62517015120.35,1000.0,24.858704598579322,high,medium,high,2009-11-16,2009-11-17,2009-11-23,2009-12-21
温州市,温州市,30,0.03,0.71,37,0.0,129,159,189,189,199,128,134,152,162,188,193,129,30,30,10,34,11.538,13.636,0.788,0.828,15.29,0.094,30,60,60,92,D_unclassified,actionable_window,v31_1_archetype_adaptive,93,154,191,61,-36,-5,True,390.51,390.51,5.969999204164447,high,high,medium,2009-09-19,2009-10-19,2009-11-18,2009-11-28
渭南市,渭南市,30,0.0,0.71,119,123.0,177,185,193,193,212,176,183,178,192,192,194,177,8,8,19,21,3.077,3.636,0.671,0.528,4.38,-0.379,8,16,16,58,D_unclassified,actionable_window,v31_1_archetype_adaptive,151,164,193,13,-26,-21,True,74498863089.07,1000.0,25.034049701679564,high,medium,high,2009-11-06,2009-11-14,2009-11-22,2009-12-11
湖州市,湖州市,30,0.0,0.71,31,35.0,132,142,199,199,209,129,138,138,149,197,201,132,10,57,10,24,3.846,4.545,0.729,0.751,4.64,0.028,10,67,67,101,D_unclassified,actionable_window,v31_1_archetype_adaptive,113,136,199,23,-19,-6,True,96657981109.21,1000.0,25.294444616638014,high,high,medium,2009-09-22,2009-10-02,2009-11-28,2009-12-08
湘潭市,湘潭市,30,0.0,0.71,70,74.0,119,139,194,194,225,113,125,137,145,193,195,119,20,55,31,8,7.692,9.091,0.511,0.83,3.23,0.273,20,75,75,49,D_unclassified,actionable_window,v31_1_archetype_adaptive,117,147,194,30,-2,8,True,131705444219.63,1000.0,25.603833782887044,high,high,high,2009-09-09,2009-09-29,2009-11-23,2009-12-24
湛江市,湛江市,30,0.0,0.71,45,,110,162,224,224,232,104,112,159,169,222,226,110,52,62,8,1,20.0,23.636,0.688,0.69,3.44,0.257,52,114,114,65,D_unclassified,actionable_window,v31_1_archetype_adaptive,59,62,224,3,-51,-100,True,43853693221.61,1000.0,24.50412477622266,high,high,medium,2009-08-31,2009-10-22,2009-12-23,2009-12-31
滁州市,滁州市,30,0.0,0.71,95,,112,125,163,163,215,106,118,118,132,160,164,112,13,38,52,18,5.0,5.909,0.687,0.561,4.34,0.027,13,51,51,17,D_unclassified,actionable_window,v31_1_archetype_adaptive,110,113,162,3,-2,-12,True,25233865111.62,1000.0,23.95145278297605,high,high,high,2009-09-02,2009-09-15,2009-10-23,2009-12-14
滨州市,滨州市,30,0.0,0.71,113,117.0,149,151,152,152,162,143,151,149,158,151,153,149,2,1,10,71,0.769,0.909,0.601,0.48,5.68,-0.284,2,3,3,36,A_fast_outbreak,too_short_for_action,v31_1_archetype_adaptive,147,150,152,3,-2,-1,True,71468117548.31,1000.0,24.9925172787984,high,medium,high,2009-10-09,2009-10-11,2009-10-12,2009-10-22
漯河市,漯河市,30,0.0,0.71,125,,180,184,189,189,207,174,186,181,191,188,191,180,4,5,18,26,1.538,1.818,0.67,0.711,3.46,-0.14,4,9,9,55,D_unclassified,narrow_window,v31_1_archetype_adaptive,168,171,189,3,-12,-13,True,29063382911.03,1000.0,24.092744899601225,high,medium,high,2009-11-09,2009-11-13,2009-11-18,2009-12-06
漳州市,漳州市,30,0.0,0.71,87,91.0,185,198,212,212,222,181,187,191,201,211,213,185,13,14,10,11,5.0,5.909,0.659,0.703,2.78,-0.111,13,27,27,98,D_unclassified,actionable_window,v31_1_archetype_adaptive,114,173,212,59,-71,-25,True,58956394985.99,1000.0,24.800063939589563,high,medium,medium,2009-11-14,2009-11-27,2009-12-11,2009-12-21
潍坊市,潍坊市,30,0.0,0.71,97,,117,133,205,205,215,111,123,132,140,204,206,117,16,72,10,18,6.154,7.273,0.569,0.678,2.6,0.106,16,88,88,20,B_sparse,actionable_window,v31_1_archetype_adaptive,115,188,205,73,-2,55,True,11174880874.26,1000.0,23.136934317456845,high,high,medium,2009-09-07,2009-09-23,2009-12-04,2009-12-14
潮州市,潮州市,30,0.0,0.71,144,148.0,161,164,167,167,177,155,167,157,171,165,168,161,3,3,10,56,1.154,1.364,0.626,0.574,3.89,-0.231,3,6,6,17,A_fast_outbreak,narrow_window,v31_1_archetype_adaptive,159,162,167,3,-2,-2,True,45750259635.08,1000.0,24.546463303757314,high,medium,medium,2009-10-21,2009-10-24,2009-10-27,2009-11-06
濮阳市,濮阳市,30,0.0,0.71,98,102.0,154,166,179,179,189,148,158,163,173,177,180,154,12,13,10,44,4.615,5.455,0.772,0.687,3.73,-0.022,12,25,25,56,D_unclassified,actionable_window,v31_1_archetype_adaptive,131,147,178,16,-23,-19,True,35192051238.75,1000.0,24.284086076997514,high,medium,medium,2009-10-14,2009-10-26,2009-11-08,2009-11-18
烟台市,烟台市,30,0.0,0.71,38,42.0,151,171,191,191,226,145,157,164,178,187,195,151,20,20,35,7,7.692,9.091,0.733,0.534,3.24,-0.131,20,40,40,113,D_unclassified,actionable_window,v31_1_archetype_adaptive,120,130,191,10,-31,-41,True,54855297870.4,1000.0,24.727964607360544,high,medium,high,2009-10-11,2009-10-31,2009-11-20,2009-12-25
焦作市,焦作市,30,0.0,0.71,91,95.0,154,161,183,183,222,148,160,157,164,182,185,154,7,22,39,11,2.692,3.182,0.575,0.672,3.01,0.167,7,29,29,63,D_unclassified,actionable_window,v31_1_archetype_adaptive,133,158,183,25,-21,-3,True,37886248520.61,1000.0,24.35785404735247,high,high,high,2009-10-14,2009-10-21,2009-11-12,2009-12-21
牡丹江市,牡丹江市,30,0.03,0.71,0,1.0,124,126,127,127,185,118,125,124,133,126,128,124,2,1,58,48,0.769,0.909,0.682,0.478,3.78,-0.265,2,3,3,124,C_import_driven,too_short_for_action,v31_1_archetype_adaptive,122,125,127,3,-2,-1,True,20.94,20.94,3.0881217131079235,high,medium,high,2009-09-14,2009-09-16,2009-09-17,2009-11-14
玉林市,玉林市,30,0.0,0.71,120,124.0,176,184,192,192,223,170,182,177,191,189,194,176,8,8,31,10,3.077,3.636,0.745,0.536,3.95,-0.273,8,16,16,56,D_unclassified,actionable_window,v31_1_archetype_adaptive,160,163,192,3,-16,-21,True,66221626428.77,1000.0,24.916272929769246,high,medium,high,2009-11-05,2009-11-13,2009-11-21,2009-12-22
玉溪市,玉溪市,30,0.0,0.71,104,,170,192,194,194,226,164,176,190,199,194,196,170,22,2,32,7,8.462,10.0,0.537,0.763,3.51,0.312,22,24,24,66,D_unclassified,actionable_window,v31_1_archetype_adaptive,161,164,195,3,-9,-28,True,39278071039.43,1000.0,24.39393221129493,high,high,high,2009-10-30,2009-11-21,2009-11-23,2009-12-25
珠海市,珠海市,30,0.0,0.71,39,43.0,109,121,133,133,181,106,115,114,128,132,135,109,12,12,48,52,4.615,5.455,0.855,0.498,3.06,-0.502,12,24,24,70,D_unclassified,actionable_window,v31_1_archetype_adaptive,91,117,133,26,-18,-4,True,46768426876.69,1000.0,24.568474172832932,high,medium,high,2009-08-30,2009-09-11,2009-09-23,2009-11-10
白城市,白城市,30,0.0,0.71,112,,180,197,214,214,225,174,186,194,204,213,215,180,17,17,11,8,6.538,7.727,0.769,0.628,3.56,-0.0,17,34,34,68,D_unclassified,actionable_window,v31_1_archetype_adaptive,175,182,214,7,-5,-15,True,27403267473.63,1000.0,24.033928094129415,high,medium,high,2009-11-09,2009-11-26,2009-12-13,2009-12-24
白山市,白山市,30,0.0,0.71,24,,137,138,139,139,216,131,143,138,138,138,141,137,1,1,77,17,0.385,0.455,0.64,0.435,2.69,-0.082,1,2,2,113,B_sparse,too_short_for_action,v31_1_archetype_adaptive,135,138,139,3,-2,0,True,9890309924.85,1000.0,23.014821319385735,high,medium,high,2009-09-27,2009-09-28,2009-09-29,2009-12-15
白银市,白银市,30,0.0,0.71,91,95.0,159,170,181,181,215,157,165,163,177,180,183,159,11,11,34,18,4.231,5.0,0.634,0.636,2.61,-0.062,11,22,22,68,D_unclassified,actionable_window,v31_1_archetype_adaptive,110,156,181,46,-49,-14,True,139174784136.25,1000.0,25.658996419998058,high,medium,high,2009-10-19,2009-10-30,2009-11-10,2009-12-14
百色市,百色市,30,0.0,0.71,103,86.0,183,190,197,197,207,181,189,183,197,194,198,183,7,7,10,26,2.692,3.182,0.811,0.479,19.01,-0.464,7,14,14,80,A_fast_outbreak,actionable_window,v31_1_archetype_adaptive,130,179,196,49,-53,-11,True,313212285299.61,1000.0,26.470147025391523,high,medium,medium,2009-11-12,2009-11-19,2009-11-26,2009-12-06
益阳市,益阳市,30,0.0,0.71,104,108.0,173,189,206,206,220,167,179,182,196,206,208,173,16,17,14,13,6.154,7.273,0.66,0.625,2.67,-0.096,16,33,33,69,D_unclassified,actionable_window,v31_1_archetype_adaptive,171,176,207,5,-2,-13,True,48956281560.16,1000.0,24.614193523760616,high,medium,high,2009-11-02,2009-11-18,2009-12-05,2009-12-19
盐城市,盐城市,30,0.0,0.71,74,78.0,131,145,159,159,169,125,137,138,152,157,160,131,14,14,10,64,5.385,6.364,0.87,0.52,3.16,-0.469,14,28,28,57,D_unclassified,actionable_window,v31_1_archetype_adaptive,111,123,159,12,-20,-22,True,57691206686.01,1000.0,24.778370601741216,high,medium,medium,2009-09-21,2009-10-05,2009-10-19,2009-10-29
盘锦市,盘锦市,30,0.0,0.71,36,40.0,148,149,150,150,214,142,154,142,156,148,151,148,1,1,64,19,0.385,0.455,0.648,0.523,1.86,-0.149,1,2,2,112,D_unclassified,too_short_for_action,v31_1_archetype_adaptive,134,137,150,3,-14,-12,True,9806422105.22,1000.0,23.006303324957845,high,medium,medium,2009-10-08,2009-10-09,2009-10-10,2009-12-13
眉山市,眉山市,30,0.0,0.71,100,104.0,122,124,125,125,137,116,128,117,128,124,126,122,2,1,12,96,0.769,0.909,0.547,0.609,3.96,-0.087,2,3,3,22,A_fast_outbreak,too_short_for_action,v31_1_archetype_adaptive,119,122,125,3,-3,-2,True,32352341983.66,1000.0,24.19995225047109,high,medium,high,2009-09-12,2009-09-14,2009-09-15,2009-09-27
石嘴山市,石嘴山市,30,0.0,0.71,150,,171,180,190,190,200,165,177,173,187,189,192,171,9,10,10,33,3.462,4.091,0.469,0.563,2.56,-0.076,9,19,19,21,B_sparse,actionable_window,v31_1_archetype_adaptive,169,172,190,3,-2,-8,True,14850125611.65,1000.0,23.421274160923907,high,medium,medium,2009-10-31,2009-11-09,2009-11-19,2009-11-29
石家庄市,石家庄市,30,0.0,0.71,93,65.0,155,158,179,179,189,149,157,151,165,176,180,155,3,21,10,44,1.154,1.364,0.622,0.765,3.38,0.283,3,24,24,62,D_unclassified,narrow_window,v31_1_archetype_adaptive,112,158,178,46,-43,0,True,191492460852.77,1000.0,25.978114275882316,high,high,medium,2009-10-15,2009-10-18,2009-11-08,2009-11-18
福州市,福州市,30,1.03,1.49,0,0.0,184,193,202,202,212,180,187,186,195,199,206,184,9,9,10,21,3.462,4.091,0.705,0.685,7.16,-0.28,9,18,18,184,C_import_driven,actionable_window,v31_1_archetype_adaptive,91,179,204,88,-93,-14,True,23.48,23.48,3.197826796535068,high,medium,medium,2009-11-13,2009-11-22,2009-12-01,2009-12-11
秦皇岛市,秦皇岛市,30,0.0,0.71,24,,122,133,189,189,220,116,128,132,140,187,190,122,11,56,31,13,4.231,5.0,0.523,0.768,3.68,0.117,11,67,67,98,D_unclassified,actionable_window,v31_1_archetype_adaptive,120,132,189,12,-2,-1,True,49415426554.36,1000.0,24.623528490840176,high,high,high,2009-09-12,2009-09-23,2009-11-18,2009-12-19
绍兴市,绍兴市,30,0.0,0.71,30,34.0,139,142,195,195,221,133,145,137,149,193,198,139,3,53,26,12,1.154,1.364,0.729,0.625,2.67,0.379,3,56,56,109,D_unclassified,narrow_window,v31_1_archetype_adaptive,115,147,196,32,-24,5,True,59309459630.8,1000.0,24.80603465184346,high,high,high,2009-09-29,2009-10-02,2009-11-24,2009-12-20
绥化市,绥化市,30,0.0,0.71,127,,204,206,209,209,219,198,210,199,213,207,210,204,2,3,10,14,0.769,0.909,0.562,0.558,2.67,-0.086,2,5,5,77,D_unclassified,too_short_for_action,v31_1_archetype_adaptive,155,158,209,3,-49,-48,True,16671579586.03,1000.0,23.536971285490356,high,medium,medium,2009-12-03,2009-12-05,2009-12-08,2009-12-18
绵阳市,绵阳市,30,0.03,0.71,7,11.0,112,116,121,121,138,106,113,112,123,119,122,112,4,5,17,95,1.538,1.818,0.689,0.488,2.7,-0.189,4,9,9,105,A_fast_outbreak,narrow_window,v31_1_archetype_adaptive,111,114,120,3,-1,-2,True,114507211700.04,1000.0,25.46390364224586,high,medium,high,2009-09-02,2009-09-06,2009-09-11,2009-09-28
聊城市,聊城市,30,0.0,0.71,114,,187,189,195,195,205,182,193,182,196,193,197,187,2,6,10,28,0.769,0.909,0.667,0.587,3.99,-0.195,2,8,8,73,A_fast_outbreak,too_short_for_action,v31_1_archetype_adaptive,131,174,195,43,-56,-15,True,33681173066.91,1000.0,24.240204855521192,high,medium,medium,2009-11-16,2009-11-18,2009-11-24,2009-12-04
肇庆市,肇庆市,30,0.0,0.71,47,51.0,164,180,196,196,206,160,170,173,187,195,198,164,16,16,10,27,6.154,7.273,0.831,0.564,2.94,-0.055,16,32,32,117,D_unclassified,actionable_window,v31_1_archetype_adaptive,112,157,196,45,-52,-23,True,48719068077.87,1000.0,24.60933633206318,high,medium,medium,2009-10-24,2009-11-09,2009-11-25,2009-12-05
自贡市,自贡市,30,0.0,0.71,51,55.0,112,114,115,115,124,106,118,111,121,114,116,112,2,1,9,109,0.769,0.909,0.545,0.534,3.83,-0.184,2,3,3,61,A_fast_outbreak,too_short_for_action,v31_1_archetype_adaptive,111,114,115,3,-1,0,True,34930884406.39,1000.0,24.276637214866113,high,medium,high,2009-09-02,2009-09-04,2009-09-05,2009-09-14
舟山市,舟山市,30,0.0,0.71,65,69.0,153,183,213,213,223,147,156,176,186,211,215,153,30,30,10,10,11.538,13.636,0.809,0.584,2.84,-0.292,30,60,60,88,D_unclassified,actionable_window,v31_1_archetype_adaptive,86,201,213,115,-67,18,True,69778985928.26,1000.0,24.968598740201273,high,medium,medium,2009-10-13,2009-11-12,2009-12-12,2009-12-22
芜湖市,芜湖市,30,0.0,0.71,75,79.0,133,143,172,172,215,127,139,139,150,170,175,133,10,29,43,18,3.846,4.545,0.713,0.508,2.64,0.019,10,39,39,58,D_unclassified,actionable_window,v31_1_archetype_adaptive,102,158,173,56,-31,15,True,64491307938.41,1000.0,24.88979629103783,high,high,high,2009-09-23,2009-10-03,2009-11-01,2009-12-14
苏州市,苏州市,30,0.0,0.71,21,25.0,132,160,196,196,206,130,138,156,167,194,197,132,28,36,10,27,10.769,12.727,0.88,0.877,2.86,0.269,28,64,64,111,D_unclassified,actionable_window,v31_1_archetype_adaptive,71,171,195,100,-61,11,True,165975782278.41,1000.0,25.835107724776947,high,high,medium,2009-09-22,2009-10-20,2009-11-25,2009-12-05
茂名市,茂名市,30,0.03,0.71,2,6.0,109,124,195,195,207,103,111,120,129,194,196,109,15,71,12,26,5.769,6.818,0.733,0.721,4.18,0.114,15,86,86,107,C_import_driven,actionable_window,v31_1_archetype_adaptive,103,151,195,48,-6,27,True,27.06,27.06,3.334308995843279,high,high,high,2009-08-30,2009-09-14,2009-11-24,2009-12-06
荆州市,荆州市,30,0.0,0.71,99,103.0,153,156,170,170,209,147,159,149,163,168,172,153,3,14,39,24,1.154,1.364,0.599,0.557,3.49,0.561,3,17,17,54,D_unclassified,narrow_window,v31_1_archetype_adaptive,114,149,170,35,-39,-7,True,356906807108.83,1000.0,26.60074054013772,high,high,high,2009-10-13,2009-10-16,2009-10-30,2009-12-08
荆门市,荆门市,30,0.0,0.71,96,47.0,182,185,189,189,210,176,188,178,192,188,189,182,3,4,21,23,1.154,1.364,0.585,0.529,2.65,-0.024,3,7,7,86,A_fast_outbreak,narrow_window,v31_1_archetype_adaptive,118,174,189,56,-64,-11,True,173984026414.38,1000.0,25.882229329736408,high,medium,high,2009-11-11,2009-11-14,2009-11-18,2009-12-09
莆田市,莆田市,30,0.0,0.71,15,19.0,193,200,208,208,218,192,199,193,207,207,209,193,7,8,10,15,2.692,3.182,0.876,0.567,11.72,-0.168,7,15,15,178,D_unclassified,actionable_window,v31_1_archetype_adaptive,120,177,208,57,-73,-23,True,78523851677.2,1000.0,25.086668258618214,high,medium,medium,2009-11-22,2009-11-29,2009-12-07,2009-12-17
菏泽市,菏泽市,30,0.0,0.71,109,113.0,126,137,190,190,200,120,132,136,144,188,191,126,11,53,10,33,4.231,5.0,0.509,0.732,3.59,0.281,11,64,64,17,D_unclassified,actionable_window,v31_1_archetype_adaptive,124,144,203,20,-2,7,True,41380361021.28,1000.0,24.44607223378547,high,high,medium,2009-09-16,2009-09-27,2009-11-19,2009-11-29
萍乡市,萍乡市,30,0.0,0.71,105,,184,185,190,190,216,178,185,178,192,189,192,184,1,5,26,17,0.385,0.455,0.75,0.5,3.22,-0.138,1,6,6,79,A_fast_outbreak,too_short_for_action,v31_1_archetype_adaptive,130,133,190,3,-54,-52,True,34893544376.88,1000.0,24.27556767419896,high,medium,high,2009-11-13,2009-11-14,2009-11-19,2009-12-15
营口市,营口市,30,0.0,0.71,98,,117,126,155,155,212,117,117,125,133,154,156,117,9,29,57,21,3.462,4.091,0.373,0.704,2.77,0.294,9,38,38,19,D_unclassified,actionable_window,v31_1_archetype_adaptive,113,134,155,21,-4,8,True,15107446527.86,1000.0,23.438453606816793,medium,high,medium,2009-09-07,2009-09-16,2009-10-15,2009-12-11
葫芦岛市,葫芦岛市,30,0.0,0.71,24,,151,152,156,156,214,145,157,145,159,155,157,151,1,4,58,19,0.385,0.455,0.63,0.499,3.68,-0.201,1,5,5,127,A_fast_outbreak,too_short_for_action,v31_1_archetype_adaptive,121,134,156,13,-30,-18,True,41223464041.37,1000.0,24.44227344678086,high,medium,high,2009-10-11,2009-10-12,2009-10-16,2009-12-13
蚌埠市,蚌埠市,30,0.0,0.71,95,99.0,111,113,115,115,141,105,113,111,120,114,116,111,2,2,26,92,0.769,0.909,0.556,0.509,3.8,-0.265,2,4,4,16,A_fast_outbreak,too_short_for_action,v31_1_archetype_adaptive,110,113,115,3,-1,0,True,42124460372.13,1000.0,24.463894415403573,high,medium,high,2009-09-01,2009-09-03,2009-09-05,2009-10-01
衡水市,衡水市,30,0.0,0.71,110,114.0,171,184,193,193,203,165,177,180,191,191,195,171,13,9,10,30,5.0,5.909,0.692,0.67,4.0,0.223,13,22,22,61,D_unclassified,actionable_window,v31_1_archetype_adaptive,128,157,193,29,-43,-27,True,57487092027.61,1000.0,24.77482627308991,high,high,medium,2009-10-31,2009-11-13,2009-11-22,2009-12-02
衡阳市,衡阳市,30,0.0,0.71,92,96.0,166,177,189,189,213,165,172,170,184,187,192,166,11,12,24,20,4.231,5.0,0.816,0.701,7.43,-0.075,11,23,23,74,D_unclassified,actionable_window,v31_1_archetype_adaptive,111,168,190,57,-55,-9,True,121168749140.69,1000.0,25.52045003196819,high,medium,high,2009-10-26,2009-11-06,2009-11-18,2009-12-12
衢州市,衢州市,30,0.0,0.71,83,87.0,174,183,192,192,225,168,175,176,190,191,194,174,9,9,33,8,3.462,4.091,0.713,0.547,3.1,-0.168,9,18,18,91,D_unclassified,actionable_window,v31_1_archetype_adaptive,118,153,192,35,-56,-30,True,51651443756.58,1000.0,24.66778398483343,high,medium,high,2009-11-03,2009-11-12,2009-11-21,2009-12-24
襄阳市,襄阳市,30,0.0,0.71,103,107.0,148,176,204,204,218,142,154,169,183,203,205,148,28,28,14,15,10.769,12.727,0.68,0.663,2.71,-0.104,28,56,56,45,D_unclassified,actionable_window,v31_1_archetype_adaptive,121,177,204,56,-27,1,True,148526885136.99,1000.0,25.724031823502795,high,medium,high,2009-10-08,2009-11-05,2009-12-03,2009-12-17
西宁市,西宁市,30,0.0,0.71,97,101.0,123,128,133,133,178,117,124,126,135,131,135,123,5,5,45,55,1.923,2.273,0.651,0.495,3.42,-0.3,5,10,10,26,A_fast_outbreak,narrow_window,v31_1_archetype_adaptive,121,124,133,3,-2,-4,True,339874149409.59,1000.0,26.551841237242247,high,medium,high,2009-09-13,2009-09-18,2009-09-23,2009-11-07
西安市,西安市,30,0.0,0.71,44,30.0,118,157,196,196,221,113,124,150,164,194,198,118,39,39,25,12,15.0,17.727,0.632,0.644,12.65,-0.125,39,78,78,74,D_unclassified,actionable_window,v31_1_archetype_adaptive,108,125,196,17,-10,-32,True,701625164375.65,1000.0,27.27666514448867,high,medium,high,2009-09-08,2009-10-17,2009-11-25,2009-12-20
许昌市,许昌市,30,0.0,0.71,112,116.0,167,168,177,177,216,161,168,161,175,176,178,167,1,9,39,17,0.385,0.455,0.558,0.613,3.0,0.32,1,10,10,55,A_fast_outbreak,too_short_for_action,v31_1_archetype_adaptive,165,168,177,3,-2,0,True,102375183983.54,1000.0,25.35191017628084,high,high,high,2009-10-27,2009-10-28,2009-11-06,2009-12-15
贵港市,贵港市,30,0.0,0.71,15,19.0,119,139,196,196,206,113,125,135,146,193,198,119,20,57,10,27,7.692,9.091,0.683,0.485,3.6,-0.002,20,77,77,104,D_unclassified,actionable_window,v31_1_archetype_adaptive,117,120,195,3,-2,-19,True,18387428838.85,1000.0,23.63493305283792,high,medium,medium,2009-09-09,2009-09-29,2009-11-25,2009-12-05
贵阳市,贵阳市,30,0.0,0.71,41,45.0,152,160,168,168,209,146,158,153,163,164,172,152,8,8,41,24,3.077,3.636,0.794,0.455,5.85,-0.429,8,16,16,111,D_unclassified,actionable_window,v31_1_archetype_adaptive,124,127,170,3,-28,-33,True,149086147040.84,1000.0,25.727790143883126,high,medium,high,2009-10-12,2009-10-20,2009-10-28,2009-12-08
贺州市,贺州市,30,0.0,0.71,109,113.0,181,187,194,194,226,175,183,180,194,193,195,181,6,7,32,7,2.308,2.727,0.711,0.561,2.63,-0.049,6,13,13,72,A_fast_outbreak,moderate_window,v31_1_archetype_adaptive,125,171,194,46,-56,-16,True,176067202148.47,1000.0,25.89413158950062,high,medium,high,2009-11-10,2009-11-16,2009-11-23,2009-12-25
资阳市,资阳市,30,0.0,0.71,36,,115,133,167,167,196,112,121,130,140,165,169,115,18,34,29,37,6.923,8.182,0.701,0.598,2.85,0.078,18,52,52,79,D_unclassified,actionable_window,v31_1_archetype_adaptive,112,115,167,3,-3,-18,True,23278342176.96,1000.0,23.870789244987133,high,high,high,2009-09-05,2009-09-23,2009-10-27,2009-11-25
赣州市,赣州市,30,0.0,0.71,96,100.0,115,127,201,201,211,109,121,125,134,197,203,115,12,74,10,22,4.615,5.455,0.461,0.682,3.45,0.0,12,86,86,19,D_unclassified,actionable_window,v31_1_archetype_adaptive,113,148,200,35,-2,21,True,113767065568.69,1000.0,25.45741891051084,high,high,medium,2009-09-05,2009-09-17,2009-11-30,2009-12-10
赤峰市,赤峰市,30,0.0,0.71,104,64.0,119,124,159,159,203,113,125,124,131,157,160,119,5,35,44,30,1.923,2.273,0.888,0.453,6.07,0.045,5,40,40,15,D_unclassified,narrow_window,v31_1_archetype_adaptive,117,141,159,24,-2,17,True,268040167420.52,1000.0,26.31440268466513,high,medium,high,2009-09-09,2009-09-14,2009-10-19,2009-12-02
辽源市,辽源市,30,0.0,0.71,39,,149,157,186,186,223,149,149,155,164,183,187,149,8,29,37,10,3.077,3.636,0.306,0.806,2.99,0.353,8,37,37,110,D_unclassified,actionable_window,v31_1_archetype_adaptive,146,162,185,16,-3,5,True,18333427157.34,1000.0,23.631991851225333,medium,high,medium,2009-10-09,2009-10-17,2009-11-15,2009-12-22
辽阳市,辽阳市,30,0.0,0.71,33,37.0,132,135,137,137,205,126,138,128,142,135,138,132,3,2,68,28,1.154,1.364,0.712,0.523,3.14,0.012,3,5,5,99,A_fast_outbreak,narrow_window,v31_1_archetype_adaptive,130,133,137,3,-2,-2,True,37751566114.11,1000.0,24.35429279827388,high,high,high,2009-09-22,2009-09-25,2009-09-27,2009-12-04
达州市,达州市,30,0.0,0.71,100,104.0,118,119,122,122,191,112,124,119,119,120,123,118,1,3,69,42,0.385,0.455,0.822,0.28,3.3,-0.173,1,4,4,18,A_fast_outbreak,too_short_for_action,v31_1_archetype_adaptive,114,117,122,3,-4,-2,True,33736815825.47,1000.0,24.241855535765694,high,low,medium,2009-09-08,2009-09-09,2009-09-12,2009-11-20
运城市,运城市,30,0.0,0.71,142,,186,187,188,188,201,180,187,184,194,187,189,186,1,1,13,32,0.385,0.455,0.549,0.586,2.27,-0.068,1,2,2,44,B_sparse,too_short_for_action,v31_1_archetype_adaptive,158,161,188,3,-28,-26,True,15213977175.82,1000.0,23.445480393376947,high,medium,medium,2009-11-15,2009-11-16,2009-11-17,2009-11-30
连云港市,连云港市,30,0.0,0.71,93,,154,155,169,169,179,150,160,155,155,163,175,154,1,14,10,54,0.385,0.455,0.697,0.404,2.53,0.072,1,15,15,61,D_unclassified,too_short_for_action,v31_1_archetype_adaptive,110,158,171,48,-44,3,True,26777234207.91,1000.0,24.010817893642496,high,medium,medium,2009-10-14,2009-10-15,2009-10-29,2009-11-08
通化市,通化市,30,0.0,0.71,118,,137,139,140,140,154,131,143,134,146,139,141,137,2,1,14,79,0.769,0.909,0.538,0.536,2.72,-0.129,2,3,3,19,D_unclassified,too_short_for_action,v31_1_archetype_adaptive,134,137,140,3,-3,-2,True,21568820529.82,1000.0,23.794514614852073,high,medium,high,2009-09-27,2009-09-29,2009-09-30,2009-10-14
通辽市,通辽市,30,0.0,0.71,138,142.0,172,177,183,183,192,167,175,170,184,182,184,172,5,6,9,41,1.923,2.273,0.688,0.55,5.53,-0.178,5,11,11,34,A_fast_outbreak,narrow_window,v31_1_archetype_adaptive,153,165,183,12,-19,-12,True,190950968056.49,1000.0,25.975282520296062,high,medium,high,2009-11-01,2009-11-06,2009-11-12,2009-11-21
遂宁市,遂宁市,30,0.0,0.71,101,105.0,151,155,160,160,186,145,153,154,162,158,162,151,4,5,26,47,1.538,1.818,0.78,0.465,2.76,-0.293,4,9,9,50,A_fast_outbreak,narrow_window,v31_1_archetype_adaptive,120,134,160,14,-31,-21,True,45155753057.7,1000.0,24.533383529704196,high,medium,high,2009-10-11,2009-10-15,2009-10-20,2009-11-15
遵义市,遵义市,30,0.0,0.71,121,125.0,151,156,161,161,182,145,157,149,156,159,162,151,5,5,21,51,1.923,2.273,0.831,0.448,2.85,-0.658,5,10,10,30,A_fast_outbreak,narrow_window,v31_1_archetype_adaptive,149,152,161,3,-2,-4,True,45944819998.82,1000.0,24.55070694816002,high,medium,high,2009-10-11,2009-10-16,2009-10-21,2009-11-11
邢台市,邢台市,30,0.0,0.71,99,103.0,176,184,204,204,214,170,182,177,191,203,206,176,8,20,10,19,3.077,3.636,0.683,0.596,5.15,0.005,8,28,28,77,D_unclassified,actionable_window,v31_1_archetype_adaptive,115,184,204,69,-61,0,True,53157455032.11,1000.0,24.696524195926777,high,high,medium,2009-11-05,2009-11-13,2009-12-03,2009-12-13
邯郸市,邯郸市,30,0.0,0.71,103,107.0,119,134,200,200,226,113,125,134,141,197,203,119,15,66,26,7,5.769,6.818,0.769,0.465,2.75,0.27,15,81,81,16,D_unclassified,actionable_window,v31_1_archetype_adaptive,118,121,200,3,-1,-13,True,57803473471.76,1000.0,24.7803147055036,high,medium,high,2009-09-09,2009-09-24,2009-11-29,2009-12-25
邵阳市,邵阳市,30,0.0,0.71,49,53.0,121,145,170,170,213,115,126,138,150,168,171,121,24,25,43,20,9.231,10.909,0.689,0.846,2.69,0.272,24,49,49,72,D_unclassified,actionable_window,v31_1_archetype_adaptive,88,114,170,26,-33,-31,True,100229547775.15,1000.0,25.33072887011183,high,high,high,2009-09-11,2009-10-05,2009-10-30,2009-12-12
郑州市,郑州市,30,0.0,0.71,30,34.0,87,140,194,194,221,81,88,133,147,191,195,87,53,54,27,12,20.385,24.091,0.767,0.67,3.78,-0.213,53,107,107,57,D_unclassified,actionable_window,v31_1_archetype_adaptive,46,117,193,71,-41,-23,True,251098311933.87,1000.0,26.249110380406645,high,medium,high,2009-08-08,2009-09-30,2009-11-23,2009-12-20
郴州市,郴州市,30,0.0,0.71,68,72.0,152,173,194,194,221,146,154,166,180,192,195,152,21,21,27,12,8.077,9.545,0.754,0.799,3.21,-0.035,21,42,42,84,D_unclassified,actionable_window,v31_1_archetype_adaptive,105,171,193,66,-47,-2,True,278601769592.8,1000.0,26.353049250008485,high,medium,high,2009-10-12,2009-11-02,2009-11-23,2009-12-20
鄂尔多斯市,鄂尔多斯市,30,0.0,0.71,48,,154,156,157,157,193,148,160,153,163,156,158,154,2,1,36,40,0.769,0.909,0.537,0.564,2.72,-0.124,2,3,3,106,D_unclassified,too_short_for_action,v31_1_archetype_adaptive,149,152,157,3,-5,-4,True,23836343873.97,1000.0,23.894477306433473,high,medium,high,2009-10-14,2009-10-16,2009-10-17,2009-11-22
鄂州市,鄂州市,30,0.0,0.71,110,,154,156,159,159,210,148,156,156,163,157,160,154,2,3,51,23,0.769,0.909,0.876,0.453,3.72,-0.414,2,5,5,44,A_fast_outbreak,too_short_for_action,v31_1_archetype_adaptive,150,153,158,3,-4,-3,True,42351128848.1,1000.0,24.46926091292188,high,medium,high,2009-10-14,2009-10-16,2009-10-19,2009-12-09
酒泉市,酒泉市,30,0.0,0.71,101,105.0,124,134,157,157,221,118,130,133,141,155,158,124,10,23,64,12,3.846,4.545,0.753,0.473,3.18,0.063,10,33,33,23,D_unclassified,actionable_window,v31_1_archetype_adaptive,123,126,156,3,-1,-8,True,53208134463.43,1000.0,24.697477125072233,high,medium,high,2009-09-14,2009-09-24,2009-10-17,2009-12-20
重庆市,重庆市,30,0.0,0.71,27,19.0,141,151,161,161,179,141,147,149,158,159,163,141,10,10,18,54,3.846,4.545,0.724,0.568,10.01,-0.466,10,20,20,114,D_unclassified,actionable_window,v31_1_archetype_adaptive,109,143,161,34,-32,-8,True,1135251438267.23,1000.0,27.757875273841293,high,medium,high,2009-10-01,2009-10-11,2009-10-21,2009-11-08
金华市,金华市,30,0.0,0.71,58,22.0,77,145,194,194,225,77,77,141,147,192,195,77,68,49,31,8,26.154,30.909,0.36,0.94,2.51,0.259,68,117,117,19,D_unclassified,actionable_window,v31_1_archetype_adaptive,76,174,194,98,-1,29,True,172892991304.45,1000.0,25.875938692697506,medium,high,medium,2009-07-29,2009-10-05,2009-11-23,2009-12-24
金昌市,金昌市,30,0.0,0.71,77,81.0,108,111,112,112,146,102,114,111,111,111,113,108,3,1,34,87,1.154,1.364,0.64,0.438,3.65,0.117,3,4,4,31,A_fast_outbreak,narrow_window,v31_1_archetype_adaptive,106,109,112,3,-2,-2,True,30566999699.43,1000.0,24.143186822806324,high,medium,high,2009-08-29,2009-09-01,2009-09-02,2009-10-06
钦州市,钦州市,30,0.0,0.71,29,33.0,179,192,231,231,232,173,181,186,199,227,232,179,13,39,1,1,5.0,5.909,0.857,0.653,3.67,0.071,13,52,52,150,D_unclassified,actionable_window,v31_1_archetype_adaptive,115,178,229,63,-64,-14,True,57009191284.85,1000.0,24.766478342410426,high,high,medium,2009-11-08,2009-11-21,2009-12-30,2009-12-31
铁岭市,铁岭市,30,0.0,0.71,54,,27,30,174,174,217,21,30,27,37,168,179,27,3,144,43,16,1.154,1.364,0.461,0.842,0.0,0.489,3,147,147,-27,B_sparse,narrow_window,v31_1_archetype_adaptive,165,168,176,3,138,138,True,9452082953.64,1000.0,22.96950097264427,high,high,medium,2009-06-09,2009-06-12,2009-11-03,2009-12-16
铜仁市,铜仁市,30,0.0,0.71,132,136.0,162,165,169,169,201,162,162,158,172,168,170,162,3,4,32,32,1.154,1.364,0.404,0.597,2.52,0.005,3,7,7,30,D_unclassified,narrow_window,v31_1_archetype_adaptive,158,161,169,3,-4,-4,True,39654263146.14,1000.0,24.4034642987213,medium,high,medium,2009-10-22,2009-10-25,2009-10-29,2009-11-30
铜川市,铜川市,30,0.0,0.71,110,,174,180,187,187,211,168,174,176,187,185,190,174,6,7,24,22,2.308,2.727,0.565,0.598,3.5,0.006,6,13,13,64,A_fast_outbreak,moderate_window,v31_1_archetype_adaptive,172,175,188,3,-2,-5,True,43952227533.46,1000.0,24.506369143171188,high,high,high,2009-11-03,2009-11-09,2009-11-16,2009-12-10
银川市,银川市,30,0.0,0.71,94,98.0,153,160,167,167,218,151,159,153,167,163,168,153,7,7,51,15,2.692,3.182,0.653,0.571,3.21,-0.268,7,14,14,59,A_fast_outbreak,actionable_window,v31_1_archetype_adaptive,112,140,165,28,-41,-20,True,161908547910.68,1000.0,25.810297493714227,high,medium,high,2009-10-13,2009-10-20,2009-10-27,2009-12-17
锦州市,锦州市,30,0.0,0.71,41,45.0,148,158,169,169,208,142,154,158,158,168,170,148,10,11,39,25,3.846,4.545,0.699,0.434,3.5,-0.618,10,21,21,107,D_unclassified,actionable_window,v31_1_archetype_adaptive,134,141,169,7,-14,-17,True,43089137553.09,1000.0,24.486536773383957,high,medium,high,2009-10-08,2009-10-18,2009-10-29,2009-12-07
镇江市,镇江市,30,0.0,0.71,26,30.0,111,128,183,183,193,105,117,127,135,181,185,111,17,55,10,40,6.538,7.727,0.724,0.811,3.48,0.159,17,72,72,85,D_unclassified,actionable_window,v31_1_archetype_adaptive,109,159,182,50,-2,31,True,70455584980.78,1000.0,24.9782483479726,high,high,medium,2009-09-01,2009-09-18,2009-11-12,2009-11-22
长春市,长春市,30,0.0,0.71,25,29.0,118,123,128,128,225,116,122,116,130,126,129,118,5,5,97,8,1.923,2.273,0.801,0.574,2.68,-0.165,5,10,10,93,A_fast_outbreak,narrow_window,v31_1_archetype_adaptive,53,112,128,59,-65,-11,True,59485364014.02,1000.0,24.808996136298315,high,medium,high,2009-09-08,2009-09-13,2009-09-18,2009-12-24
长沙市,长沙市,30,0.1,0.71,23,0.0,134,137,189,189,218,128,136,132,144,188,191,134,3,52,29,15,1.154,1.364,0.577,0.919,2.78,0.788,3,55,55,111,D_unclassified,narrow_window,v31_1_archetype_adaptive,115,155,189,40,-19,18,True,706.58,706.58,6.561856963089658,high,high,high,2009-09-24,2009-09-27,2009-11-18,2009-12-17
长治市,长治市,30,0.0,0.71,145,149.0,161,167,182,182,205,155,167,165,170,180,183,161,6,15,23,28,2.308,2.727,0.477,0.664,3.99,0.18,6,21,21,16,D_unclassified,actionable_window,v31_1_archetype_adaptive,159,162,181,3,-2,-5,True,28937028091.85,1000.0,24.08838786085352,high,high,high,2009-10-21,2009-10-27,2009-11-11,2009-12-04
阜新市,阜新市,30,0.0,0.71,41,,171,172,173,173,220,165,177,172,172,171,174,171,1,1,47,13,0.385,0.455,0.636,0.435,2.22,-0.139,1,2,2,130,B_sparse,too_short_for_action,v31_1_archetype_adaptive,168,171,173,3,-3,-1,True,10194757780.69,1000.0,23.04513948215145,high,medium,medium,2009-10-31,2009-11-01,2009-11-02,2009-12-19
阜阳市,阜阳市,30,0.0,0.71,24,,136,143,212,212,222,130,142,139,149,210,214,136,7,69,10,11,2.692,3.182,0.655,0.621,2.76,0.015,7,76,76,112,D_unclassified,actionable_window,v31_1_archetype_adaptive,117,195,212,78,-19,52,True,21948041177.64,1000.0,23.81194373233252,high,high,medium,2009-09-26,2009-10-03,2009-12-11,2009-12-21
防城港市,防城港市,30,0.0,0.71,94,98.0,109,118,196,196,206,103,115,115,125,194,198,109,9,78,10,27,3.462,4.091,0.623,0.52,2.74,0.012,9,87,87,15,D_unclassified,actionable_window,v31_1_archetype_adaptive,108,111,196,3,-1,-7,True,34040164862.41,1000.0,24.250806983865697,high,high,medium,2009-08-30,2009-09-08,2009-11-25,2009-12-05
阳江市,阳江市,30,0.0,0.71,46,50.0,133,166,194,194,209,127,134,159,168,193,196,133,33,28,15,24,12.692,15.0,0.461,0.761,4.04,0.114,33,61,61,87,D_unclassified,actionable_window,v31_1_archetype_adaptive,131,172,194,41,-2,6,True,70621310149.5,1000.0,24.980597779391513,high,high,high,2009-09-23,2009-10-26,2009-11-23,2009-12-08
阳泉市,阳泉市,30,0.0,0.71,142,146.0,164,169,174,174,216,159,170,162,176,173,175,164,5,5,42,17,1.923,2.273,0.524,0.575,2.72,-0.12,5,10,10,22,A_fast_outbreak,narrow_window,v31_1_archetype_adaptive,161,164,174,3,-3,-5,True,101292297437.69,1000.0,25.341276208179664,high,medium,high,2009-10-24,2009-10-29,2009-11-03,2009-12-15
陇南市,陇南市,30,0.0,0.71,97,,174,189,204,204,216,168,180,185,196,203,205,174,15,15,12,17,5.769,6.818,0.88,0.591,2.59,-0.16,15,30,30,77,B_sparse,actionable_window,v31_1_archetype_adaptive,172,175,204,3,-2,-14,True,16572417582.09,1000.0,23.53100555895484,high,medium,high,2009-11-03,2009-11-18,2009-12-03,2009-12-15
随州市,随州市,30,0.0,0.71,106,110.0,183,193,203,203,220,183,189,191,200,203,204,183,10,10,17,13,3.846,4.545,0.79,0.559,3.1,-0.08,10,20,20,77,D_unclassified,actionable_window,v31_1_archetype_adaptive,121,156,203,35,-62,-37,True,53491128272.92,1000.0,24.702781650441896,high,medium,high,2009-11-12,2009-11-22,2009-12-02,2009-12-19
雅安市,雅安市,30,0.0,0.71,106,,159,163,167,167,218,153,165,156,170,165,169,159,4,4,51,15,1.538,1.818,0.721,0.511,2.69,-0.272,4,8,8,53,D_unclassified,narrow_window,v31_1_archetype_adaptive,158,161,167,3,-1,-2,True,28886735655.16,1000.0,24.086648352868615,high,medium,high,2009-10-19,2009-10-23,2009-10-27,2009-12-17
青岛市,青岛市,30,0.0,0.71,14,18.0,118,127,190,190,226,116,120,125,134,188,192,118,9,63,36,7,3.462,4.091,0.813,0.692,2.59,0.224,9,72,72,104,D_unclassified,actionable_window,v31_1_archetype_adaptive,108,111,190,3,-10,-16,True,152800129754.71,1000.0,25.752396562865044,high,high,high,2009-09-08,2009-09-17,2009-11-19,2009-12-25
鞍山市,鞍山市,30,0.0,0.71,95,99.0,154,159,164,164,194,148,160,152,166,162,165,154,5,5,30,39,1.923,2.273,0.658,0.531,3.54,-0.291,5,10,10,59,A_fast_outbreak,narrow_window,v31_1_archetype_adaptive,118,142,164,24,-36,-17,True,47165960805.97,1000.0,24.576938300026445,high,medium,high,2009-10-14,2009-10-19,2009-10-24,2009-11-23
韶关市,韶关市,30,0.0,0.71,58,62.0,162,172,182,182,192,156,168,165,179,179,186,162,10,10,10,41,3.846,4.545,0.521,0.622,4.25,-0.182,10,20,20,104,D_unclassified,actionable_window,v31_1_archetype_adaptive,127,164,183,37,-35,-8,True,74692434965.61,1000.0,25.036644651756195,high,medium,medium,2009-10-22,2009-11-01,2009-11-11,2009-11-21
马鞍山市,马鞍山市,30,0.0,0.71,79,83.0,111,121,177,177,216,105,117,119,128,174,180,111,10,56,39,17,3.846,4.545,0.765,0.518,3.43,0.039,10,66,66,32,D_unclassified,actionable_window,v31_1_archetype_adaptive,95,98,177,3,-16,-23,True,55460006392.07,1000.0,24.738927992407593,high,high,high,2009-09-01,2009-09-11,2009-11-06,2009-12-15
驻马店市,驻马店市,30,0.0,0.71,98,,183,186,190,190,200,177,188,184,193,187,191,183,3,4,10,33,1.154,1.364,0.816,0.567,3.57,-0.262,3,7,7,85,A_fast_outbreak,narrow_window,v31_1_archetype_adaptive,116,119,137,3,-67,-67,True,33633527622.86,1000.0,24.238789252346464,high,medium,medium,2009-11-12,2009-11-15,2009-11-19,2009-11-29
鸡西市,鸡西市,30,0.0,0.71,98,,27,34,145,145,165,27,27,27,39,143,148,27,7,111,20,68,2.692,3.182,0.385,0.681,0.0,0.294,7,118,118,-71,B_sparse,actionable_window,v31_1_archetype_adaptive,136,139,146,3,109,105,True,10031486083.91,1000.0,23.02899459194377,medium,high,medium,2009-06-09,2009-06-16,2009-10-05,2009-10-25
鹤壁市,鹤壁市,30,0.0,0.71,118,,153,154,157,157,167,147,159,147,161,156,158,153,1,3,10,66,0.385,0.455,0.764,0.51,3.1,-0.301,1,4,4,35,D_unclassified,too_short_for_action,v31_1_archetype_adaptive,151,154,157,3,-2,0,True,21870783264.87,1000.0,23.808417485619728,high,medium,high,2009-10-13,2009-10-14,2009-10-17,2009-10-27
鹤岗市,鹤岗市,30,0.0,0.71,132,,27,30,167,167,222,21,30,25,33,163,169,27,3,137,55,11,1.154,1.364,0.55,0.868,0.0,0.48,3,140,140,-105,B_sparse,narrow_window,v31_1_archetype_adaptive,158,161,165,3,131,131,True,14669565271.63,1000.0,23.409040794894818,high,high,medium,2009-06-09,2009-06-12,2009-10-27,2009-12-21
鹰潭市,鹰潭市,30,0.0,0.71,28,,158,160,163,163,173,152,164,153,167,162,164,158,2,3,10,60,0.769,0.909,0.783,0.49,2.55,-0.355,2,5,5,130,A_fast_outbreak,too_short_for_action,v31_1_archetype_adaptive,112,115,163,3,-46,-45,True,20147674476.72,1000.0,23.726354708143823,high,medium,medium,2009-10-18,2009-10-20,2009-10-23,2009-11-02
黄冈市,黄冈市,30,0.0,0.71,97,100.0,174,175,195,195,208,173,180,168,176,194,197,174,1,20,13,25,0.385,0.455,0.751,0.611,2.74,0.08,1,21,21,77,D_unclassified,too_short_for_action,v31_1_archetype_adaptive,111,170,195,59,-63,-5,True,362302658141.49,1000.0,26.615745771675332,high,high,high,2009-11-03,2009-11-04,2009-11-24,2009-12-07
黄山市,黄山市,30,0.0,0.71,25,29.0,111,113,114,114,153,105,117,111,120,114,115,111,2,1,39,80,0.769,0.909,0.6,0.474,2.92,-0.074,2,3,3,86,A_fast_outbreak,too_short_for_action,v31_1_archetype_adaptive,110,113,114,3,-1,0,True,44781846304.96,1000.0,24.52506867786019,high,medium,high,2009-09-01,2009-09-03,2009-09-04,2009-10-13
黄石市,黄石市,30,0.0,0.71,67,,113,124,188,188,198,107,119,117,131,186,191,113,11,64,10,35,4.231,5.0,0.746,0.528,4.03,0.016,11,75,75,46,D_unclassified,actionable_window,v31_1_archetype_adaptive,111,114,189,3,-2,-10,True,25393343868.17,1000.0,23.957752924234097,high,high,medium,2009-09-03,2009-09-14,2009-11-17,2009-11-27
黑河市,黑河市,30,0.0,0.71,116,120.0,135,138,153,153,188,129,141,138,138,151,156,135,3,15,35,45,1.154,1.364,0.557,0.444,2.62,0.23,3,18,18,19,D_unclassified,narrow_window,v31_1_archetype_adaptive,133,136,153,3,-2,-2,True,17237383950.83,1000.0,23.570346347734688,high,medium,high,2009-09-25,2009-09-28,2009-10-13,2009-11-17
齐齐哈尔市,齐齐哈尔市,30,0.0,0.71,109,113.0,127,130,133,133,175,121,133,123,137,132,134,127,3,3,42,58,1.154,1.364,0.617,0.53,3.15,-0.33,3,6,6,18,A_fast_outbreak,narrow_window,v31_1_archetype_adaptive,124,127,133,3,-3,-3,True,69763369916.0,1000.0,24.968374922676844,high,medium,high,2009-09-17,2009-09-20,2009-09-23,2009-11-04
龙岩市,龙岩市,30,0.0,0.71,67,71.0,167,169,170,170,180,165,173,162,176,169,171,167,2,1,10,53,0.769,0.909,0.607,0.623,5.59,-0.104,2,3,3,100,A_fast_outbreak,too_short_for_action,v31_1_archetype_adaptive,152,160,170,8,-15,-9,True,53480097582.36,1000.0,24.702575413848585,high,medium,medium,2009-10-27,2009-10-29,2009-10-30,2009-11-09
