city,region,bg_end,bg_mean,bg_std,sig_valid_start,bimodal_takeoff,T1,T2,T_peak,Tp,T3,T1_low,T1_high,T2_low,T2_high,Tp_low,Tp_high,pre_T1_days,alert_days,rise_days,post_peak_decline_days,resolution_days,alert_days_GT_norm,alert_days_SI_norm,T1_strength,T2_strength,T1_raw_z,T2_dom_gap,T1_to_T2_days,T1_to_peak_days,T1_lead_peak,T1_minus_sig_valid_start,short_alert_class,intervention_window,method_structural,T1_energy,T2_energy,Tp_energy,alert_days_energy,T1_energy_delta_vs_struct,T2_energy_delta_vs_struct,energy_baseline_ok,SNR,SNR_capped,log1p_SNR,T1_confidence,T2_confidence,confidence,T1_日期,T2_日期,T_peak_日期,T3_日期,disease,source_group
北京市,北京市,7,28.0,5.29,23,5.0,28,33,89,89,117,25,32,26,40,87,91,28,5,56,28,95,1.786,2.0,0.721,0.756,5.13,0.096,5,61,61,5,D_unclassified,narrow_window,v31_1_cross_pathogen_extension_v1_final_20260624,24,57,89,33,-4,24,True,2434.56,1000.0,7.79793124786526,high,high,high,2025-09-29,2025-10-04,2025-11-29,2025-12-27,influenza,Influenza 2025-2026 Province
天津市,天津市,7,32.43,5.69,0,0.0,59,62,87,87,111,53,65,55,65,85,89,59,3,25,24,101,1.071,1.2,0.418,0.783,25.47,0.275,3,28,28,59,C_import_driven,narrow_window,v31_1_cross_pathogen_extension_v1_final_20260624,61,66,87,5,2,4,True,447.73,447.73,6.106412145021552,medium,high,medium,2025-10-30,2025-11-02,2025-11-27,2025-12-21,influenza,Influenza 2025-2026 Province
河北省,河北省,7,135.57,32.5,0,4.0,63,75,87,87,112,62,69,68,82,85,89,63,12,12,25,100,4.286,4.8,0.481,0.642,46.93,-0.042,12,24,24,63,C_import_driven,actionable_window,v31_1_cross_pathogen_extension_v1_final_20260624,19,54,86,35,-44,-21,True,304.92,304.92,5.723308560328607,high,medium,high,2025-11-03,2025-11-15,2025-11-27,2025-12-22,influenza,Influenza 2025-2026 Province
山西省,山西省,7,65.57,21.22,0,3.0,51,54,85,85,115,51,57,47,55,83,87,51,3,31,30,97,1.071,1.2,0.51,0.85,4.61,0.177,3,34,34,51,C_import_driven,narrow_window,v31_1_cross_pathogen_extension_v1_final_20260624,19,65,85,46,-32,11,True,150.92,150.92,5.023374172991772,high,high,high,2025-10-22,2025-10-25,2025-11-25,2025-12-25,influenza,Influenza 2025-2026 Province
内蒙古自治区,内蒙古自治区,7,30.14,8.25,0,41.0,48,64,80,80,112,42,54,57,71,78,83,48,16,16,32,100,5.714,6.4,0.464,0.691,3.39,-0.14,16,32,32,48,C_import_driven,actionable_window,v31_1_cross_pathogen_extension_v1_final_20260624,17,54,81,37,-31,-10,True,200.84,200.84,5.307489741092035,high,medium,high,2025-10-19,2025-11-04,2025-11-20,2025-12-22,influenza,Influenza 2025-2026 Province
辽宁省,辽宁省,7,37.43,7.52,0,43.0,48,51,83,83,119,42,54,44,53,81,86,48,3,32,36,93,1.071,1.2,0.539,0.812,3.11,0.45,3,35,35,48,C_import_driven,narrow_window,v31_1_cross_pathogen_extension_v1_final_20260624,21,52,84,31,-27,1,True,353.97,353.97,5.8720355403408515,high,high,high,2025-10-19,2025-10-22,2025-11-23,2025-12-29,influenza,Influenza 2025-2026 Province
吉林省,吉林省,7,10.43,3.23,0,,28,31,65,65,101,22,30,25,38,63,66,28,3,34,36,111,1.071,1.2,0.71,0.919,8.94,0.571,3,37,37,28,C_import_driven,narrow_window,v31_1_cross_pathogen_extension_v1_final_20260624,20,37,64,17,-8,6,True,131.12,131.12,4.883736805439599,high,high,high,2025-09-29,2025-10-02,2025-11-05,2025-12-11,influenza,Influenza 2025-2026 Province
黑龙江省,黑龙江省,7,21.57,4.64,0,4.0,43,59,75,75,123,40,47,52,66,71,77,43,16,16,48,89,5.714,6.4,0.833,0.87,2.52,-0.013,16,32,32,43,C_import_driven,actionable_window,v31_1_cross_pathogen_extension_v1_final_20260624,17,55,74,38,-26,-4,True,276.92,276.92,5.627340832686187,high,medium,high,2025-10-14,2025-10-30,2025-11-15,2026-01-02,influenza,Influenza 2025-2026 Province
上海市,上海市,7,57.57,11.84,0,5.0,70,73,99,99,147,68,76,66,74,97,101,70,3,26,48,65,1.071,1.2,0.546,0.688,50.36,0.419,3,29,29,70,C_import_driven,narrow_window,v31_1_cross_pathogen_extension_v1_final_20260624,21,73,99,52,-49,0,True,471.25,471.25,6.157516915937862,high,high,high,2025-11-10,2025-11-13,2025-12-09,2026-01-26,influenza,Influenza 2025-2026 Province
江苏省,江苏省,7,118.29,21.97,0,49.0,68,71,98,98,138,67,74,64,72,96,100,68,3,27,40,74,1.071,1.2,0.621,0.713,47.62,0.173,3,30,30,68,C_import_driven,narrow_window,v31_1_cross_pathogen_extension_v1_final_20260624,22,65,98,43,-46,-6,True,928.97,928.97,6.835152973825061,high,high,high,2025-11-08,2025-11-11,2025-12-08,2026-01-17,influenza,Influenza 2025-2026 Province
浙江省,浙江省,7,132.14,18.83,20,0.0,71,74,98,98,185,68,77,67,79,95,100,71,3,24,87,27,1.071,1.2,0.484,0.787,155.38,0.941,3,27,27,51,D_unclassified,narrow_window,v31_1_cross_pathogen_extension_v1_final_20260624,24,69,97,45,-47,-5,True,1387.22,1000.0,7.235779659157228,high,high,high,2025-11-11,2025-11-14,2025-12-08,2026-03-05,influenza,Influenza 2025-2026 Province
安徽省,安徽省,7,136.43,25.74,0,50.0,63,79,96,96,127,62,69,72,86,94,99,63,16,17,31,85,5.714,6.4,0.513,0.691,22.84,-0.086,16,33,33,63,C_import_driven,actionable_window,v31_1_cross_pathogen_extension_v1_final_20260624,20,80,97,60,-43,1,True,362.14,362.14,5.894793088969619,high,medium,high,2025-11-03,2025-11-19,2025-12-06,2026-01-06,influenza,Influenza 2025-2026 Province
福建省,福建省,7,107.43,11.89,0,0.0,16,35,90,90,120,12,21,34,42,88,93,16,19,55,30,92,6.786,7.6,0.904,0.887,5.0,0.247,19,74,74,16,C_import_driven,actionable_window,v31_1_cross_pathogen_extension_v1_final_20260624,57,69,91,12,41,34,True,164.91,164.91,5.11146014639874,high,high,high,2025-09-17,2025-10-06,2025-11-30,2025-12-30,influenza,Influenza 2025-2026 Province
江西省,江西省,7,38.57,13.29,0,60.0,69,72,98,98,138,65,75,65,73,96,100,69,3,26,40,74,1.071,1.2,0.594,0.776,18.19,0.514,3,29,29,69,C_import_driven,narrow_window,v31_1_cross_pathogen_extension_v1_final_20260624,69,72,98,3,0,0,True,552.02,552.02,6.315392823404631,high,high,high,2025-11-09,2025-11-12,2025-12-08,2026-01-17,influenza,Influenza 2025-2026 Province
山东省,山东省,7,76.29,20.32,0,47.0,59,74,90,90,114,53,65,67,81,88,91,59,15,16,24,98,5.357,6.0,0.432,0.59,20.64,-0.164,15,31,31,59,C_import_driven,actionable_window,v31_1_cross_pathogen_extension_v1_final_20260624,62,65,90,3,3,-9,True,755.51,755.51,6.628721288707669,medium,medium,medium,2025-10-30,2025-11-14,2025-11-30,2025-12-24,influenza,Influenza 2025-2026 Province
河南省,河南省,7,160.43,53.4,0,42.0,54,55,86,86,111,51,60,48,56,84,88,54,1,31,25,101,0.357,0.4,0.468,0.788,13.87,0.236,1,32,32,54,C_import_driven,too_short_for_action,v31_1_cross_pathogen_extension_v1_final_20260624,20,45,86,25,-34,-10,True,451.23,451.23,6.114183906914754,high,high,high,2025-10-25,2025-10-26,2025-11-26,2025-12-21,influenza,Influenza 2025-2026 Province
湖北省,湖北省,7,70.57,10.59,0,0.0,26,51,99,99,140,24,32,49,55,97,101,26,25,48,41,72,8.929,10.0,0.801,0.941,2.62,0.321,25,73,73,26,C_import_driven,actionable_window,v31_1_cross_pathogen_extension_v1_final_20260624,61,77,99,16,35,26,True,512.44,512.44,6.241131105754548,high,high,high,2025-09-27,2025-10-22,2025-12-09,2026-01-19,influenza,Influenza 2025-2026 Province
湖南省,湖南省,7,79.86,21.72,0,0.0,27,52,92,92,116,26,33,49,54,90,93,27,25,40,24,96,8.929,10.0,0.845,0.932,2.94,0.263,25,65,65,27,C_import_driven,actionable_window,v31_1_cross_pathogen_extension_v1_final_20260624,21,71,92,50,-6,19,True,790.7,790.7,6.6741854887472,high,high,high,2025-09-28,2025-10-23,2025-12-02,2025-12-26,influenza,Influenza 2025-2026 Province
广东省,广东省,7,1795.29,242.41,0,0.0,70,81,93,93,117,68,76,74,88,92,94,70,11,12,24,95,3.929,4.4,0.669,0.597,43.03,-0.367,11,23,23,70,C_import_driven,actionable_window,v31_1_cross_pathogen_extension_v1_final_20260624,59,63,93,4,-11,-18,True,78.19,78.19,4.37183100790057,high,medium,high,2025-11-10,2025-11-21,2025-12-03,2025-12-27,influenza,Influenza 2025-2026 Province
广西壮族自治区,广西壮族自治区,7,141.0,17.53,0,0.0,29,53,96,96,124,26,31,48,55,93,98,29,24,43,28,88,8.571,9.6,0.791,0.945,2.57,0.323,24,67,67,29,C_import_driven,actionable_window,v31_1_cross_pathogen_extension_v1_final_20260624,22,76,95,54,-7,23,True,464.17,464.17,6.142400422867845,high,high,high,2025-09-30,2025-10-24,2025-12-06,2026-01-03,influenza,Influenza 2025-2026 Province
海南省,海南省,7,178.43,34.96,0,0.0,41,60,79,79,126,35,47,53,67,75,82,41,19,19,47,86,6.786,7.6,0.578,0.751,3.74,-0.084,19,38,38,41,C_import_driven,actionable_window,v31_1_cross_pathogen_extension_v1_final_20260624,19,64,78,45,-22,4,True,23.5,23.5,3.1987463755930783,high,medium,high,2025-10-12,2025-10-31,2025-11-19,2026-01-05,influenza,Influenza 2025-2026 Province
重庆市,重庆市,7,18.0,6.23,0,0.0,27,57,87,87,115,25,33,50,64,85,89,27,30,30,28,97,10.714,12.0,0.763,0.766,14.22,0.034,30,60,60,27,C_import_driven,actionable_window,v31_1_cross_pathogen_extension_v1_final_20260624,58,61,87,3,31,4,True,595.34,595.34,6.390809547309159,high,high,high,2025-09-28,2025-10-28,2025-11-27,2025-12-25,influenza,Influenza 2025-2026 Province
四川省,四川省,7,83.71,15.62,0,0.0,27,59,92,92,120,25,33,52,66,90,94,27,32,33,28,92,11.429,12.8,0.664,0.669,5.08,-0.147,32,65,65,27,C_import_driven,actionable_window,v31_1_cross_pathogen_extension_v1_final_20260624,23,73,92,50,-4,14,True,960.5,960.5,6.868496556872915,high,medium,high,2025-09-28,2025-10-30,2025-12-02,2025-12-30,influenza,Influenza 2025-2026 Province
贵州省,贵州省,7,38.0,6.89,0,43.0,39,42,87,87,167,33,45,35,49,84,90,39,3,45,80,45,1.071,1.2,0.488,0.885,3.82,0.997,3,48,48,39,C_import_driven,narrow_window,v31_1_cross_pathogen_extension_v1_final_20260624,41,49,87,8,2,7,True,952.71,952.71,6.860359826596172,high,high,high,2025-10-10,2025-10-13,2025-11-27,2026-02-15,influenza,Influenza 2025-2026 Province
云南省,云南省,7,77.86,8.82,0,0.0,18,49,81,81,114,12,20,42,52,75,87,18,31,32,33,98,11.071,12.4,0.753,0.941,6.73,0.108,31,63,63,18,C_import_driven,actionable_window,v31_1_cross_pathogen_extension_v1_final_20260624,24,56,79,32,6,7,True,369.28,369.28,5.914264080630322,high,high,high,2025-09-19,2025-10-20,2025-11-21,2025-12-24,influenza,Influenza 2025-2026 Province
西藏自治区,西藏自治区,30,0.83,0.91,30,6.0,46,49,86,86,138,40,52,42,56,83,89,46,3,37,52,74,1.071,1.2,0.558,0.803,2.93,0.874,3,40,40,16,D_unclassified,narrow_window,v31_1_cross_pathogen_extension_v1_final_20260624,38,54,86,16,-8,5,True,461.06,461.06,6.135698462034777,high,high,high,2025-10-17,2025-10-20,2025-11-26,2026-01-17,influenza,Influenza 2025-2026 Province
陕西省,陕西省,7,28.0,8.42,7,0.0,27,59,91,91,119,25,33,52,66,88,93,27,32,32,28,93,11.429,12.8,0.726,0.736,6.1,-0.108,32,64,64,20,D_unclassified,actionable_window,v31_1_cross_pathogen_extension_v1_final_20260624,50,53,91,3,23,-6,True,1076.79,1000.0,6.982667732473075,high,medium,high,2025-09-28,2025-10-30,2025-12-01,2025-12-29,influenza,Influenza 2025-2026 Province
甘肃省,甘肃省,7,97.86,19.89,0,0.0,49,52,87,87,118,48,55,45,53,84,88,49,3,35,31,94,1.071,1.2,0.648,0.815,3.17,0.209,3,38,38,49,C_import_driven,narrow_window,v31_1_cross_pathogen_extension_v1_final_20260624,21,66,86,45,-28,14,True,100.25,100.25,4.61756965024677,high,high,high,2025-10-20,2025-10-23,2025-11-27,2025-12-28,influenza,Influenza 2025-2026 Province
青海省,青海省,7,15.57,5.63,0,46.0,50,53,83,83,116,48,56,46,54,79,86,50,3,30,33,96,1.071,1.2,0.551,0.74,3.13,0.366,3,33,33,50,C_import_driven,narrow_window,v31_1_cross_pathogen_extension_v1_final_20260624,20,59,82,39,-30,6,True,90.5,90.5,4.51638604714387,high,high,high,2025-10-21,2025-10-24,2025-11-23,2025-12-26,influenza,Influenza 2025-2026 Province
宁夏回族自治区,宁夏回族自治区,7,5.14,3.09,0,0.0,51,70,89,89,120,50,57,63,77,85,91,51,19,19,31,92,6.786,7.6,0.508,0.552,3.3,-0.498,19,38,38,51,C_import_driven,actionable_window,v31_1_cross_pathogen_extension_v1_final_20260624,16,72,87,56,-35,2,True,87.26,87.26,4.480266539123026,high,medium,high,2025-10-22,2025-11-10,2025-11-29,2025-12-30,influenza,Influenza 2025-2026 Province
新疆维吾尔自治区,新疆维吾尔自治区,7,23.0,5.71,0,,33,36,62,62,101,27,39,29,38,59,63,33,3,26,39,111,1.071,1.2,0.579,0.828,2.53,0.451,3,29,29,33,C_import_driven,narrow_window,v31_1_cross_pathogen_extension_v1_final_20260624,21,37,61,16,-12,1,True,278.1,278.1,5.63158433939233,high,high,high,2025-10-04,2025-10-07,2025-11-02,2025-12-11,influenza,Influenza 2025-2026 Province
