day,daily_cases,residual_trend,IMF1,high_band_energy,mid_band_energy,low_band_energy,T1_structural_score,T2_structural_score,IMF2,IMF3,IMF4
0.0,39.69922530381535,23.154758391888354,0.0,0.06904666989062608,0.0003208224532811739,0.0,0.2552776685593134,0.3060986929178737,0.0,0.0,0.0
1.0,41.382155118361446,23.34236175074489,18.07159019394524,0.07602894551157321,0.0005647845086308686,0.0,0.26989842396417685,0.30015150678506886,13.043694081843263,4.5711193914899555,2.154513323712543
2.0,9.9417635265067,23.71801507334196,-35.08247468520192,0.08839381410227438,0.0011404073594178511,0.0,0.29704512802959804,0.2894139866512501,9.15584691696983,4.056576238855407,3.741334883100732
3.0,11.96005770455195,24.282622084710933,31.821439081211647,0.10345968749194369,0.0022087622065916322,0.0,0.3333945535521574,0.2760476442923267,-6.671318639471184,-0.7540885285417396,4.511583982303339
4.0,8.746500573246147,25.037855786151702,-15.243974953276023,0.11828217549939121,0.0039675062354717315,0.0,0.37553619967851726,0.2631049250842087,-22.953754335961758,-7.147988787329865,4.5636739739215075
5.0,21.491244172651946,25.98667278199946,-11.72704075376461,0.13044690520188726,0.0065858981079089576,0.0,0.4207314205727515,0.25443582790960884,-21.691907791269568,-12.52262353148477,4.111685557939386
6.0,19.69437258538817,27.133742827304218,-46.81657150101165,0.13855472483266423,0.010118201945806359,0.0,0.4670579376487852,0.25420403094307187,-1.5327425230278635,-14.871601301512433,3.3867333624029023
7.0,18.57310857110495,28.485581942883314,44.269506605969845,0.14228882867089648,0.014435290051393495,0.0,0.5131564423089043,0.265581874300868,19.12727900665646,-13.414623933007613,2.5291232007001105
8.0,30.3113995411743,30.05061824113536,-14.486178334922117,0.14214819584311914,0.019204717365883778,0.0,0.5579320819382813,0.2890199373268475,20.506773367912817,-8.088853450050332,1.5977151796777136
9.0,16.055036157488395,31.83940805996561,-14.909439714821495,0.13904336991983327,0.023952228102522087,2.2338558507441477e-07,0.6004239952189334,0.3214371148249561,2.581434335557262,0.43338672308302034,0.635161815838913
10.0,21.503296073521547,33.86415144274742,16.829933862556317,0.13393884715113535,0.02818879615514403,1.1402495374739716e-06,0.6398579464963535,0.357394960970967,-18.273714090085978,10.86753026149657,-0.3237252207686723
11.0,52.42308943147079,36.13696705866035,15.1230469827323,0.1276463568549952,0.03155095978695856,4.146458998062952e-06,0.6757834797282407,0.3916655861774637,-25.34658956168511,21.145123701020186,-1.2750067775433582
12.0,29.428729486773186,38.66801724560359,-9.389151559431895,0.12073856988147307,0.033891415077556136,1.2429225054923125e-05,0.7081816104950712,0.42132024690195813,-16.010887947917173,29.260607612303488,-2.2563700050451323
13.0,69.961028268294,41.46399738916699,-29.674636586348893,0.11358421248985173,0.03528444348215759,3.360121588866694e-05,0.7374675386980623,0.4460426771883821,1.6941627434744941,34.412956220599526,-3.335415580672963
14.0,45.3401118090511,44.52605944998024,7.8800617913770665,0.1063913401166209,0.0359569212492844,8.297584686973148e-05,0.7643672622601679,0.46702664118573045,14.622449247011884,36.55544745328132,-4.574064195297356
15.0,60.422455663828956,47.847925093454634,9.789629431384828,0.09926409014836454,0.036189158497094684,0.00018846443023986213,0.7896938530650927,0.4856980768760588,3.89382355314329,36.37294659336006,-6.048386106723645
16.0,75.93505915618519,51.41493973134362,-4.212860566555895,0.09225498566860196,0.03623230533715197,0.0003960963435750344,0.8140777250841482,0.5030700547631429,-17.76888553304615,35.56480618076889,-7.839458726617252
17.0,70.337096513835,55.2039157134403,-11.876415467641307,0.08541243108086015,0.03626673132749802,0.0007729270404494715,0.8377170718275118,0.5197190504296658,-23.244229834549596,35.62110106624743,-10.020297118178762
18.0,82.10966862989324,59.183937053642566,-32.385991541349576,0.0788439661623635,0.03639898725051641,0.0014054132743692672,0.8602138872723069,0.5360037456856139,-11.79914250605186,37.1985107593622,-12.643474564347983
19.0,106.8425419986435,63.31846332256695,23.585057073712022,0.0727436758121504,0.03667992183365986,0.0023898882358200186,0.8805514855723935,0.5522404123800564,0.06529107532923699,40.26478577257355,-15.741210212570337
20.0,114.26909101190567,67.56871344931969,0.9666342117929716,0.06743297400803344,0.03712620383035797,0.003815877499949552,0.8972487825073081,0.5687490148915186,6.209873626656635,44.40490612655702,-19.32422602303303
21.0,124.42472749491691,71.89795849508323,8.43517200037091,0.06335409099921391,0.03773533565673221,0.0057462889259999265,0.9086878944828123,0.5858064670706536,7.3800566812221495,48.8374156694515,-23.377464704476665
22.0,141.75500932399254,76.27610374967367,30.661214606941314,0.06102199643364713,0.03849255937199236,0.008200583811952343,0.9135544809991814,0.6035602973456845,5.4201039567602045,52.64727886582495,-27.87732681425155
23.0,149.67249525909702,80.68352554109525,-16.355086085877257,0.06092620565644274,0.03937211662851303,0.011148139457121323,0.9112724197313746,0.6219776643558629,3.8220107300421806,55.30478342646227,-32.79462676815792
24.0,130.5147693542212,85.1140580175144,8.310024858333398,0.06339416017680273,0.04034103504311547,0.01451372126091762,0.9022892697621167,0.6408573323814835,5.103190658110825,56.520324720508874,-38.09852856064064
25.0,148.57253606590388,89.5764354264743,-5.471546704342702,0.06844504473732207,0.04135815786656327,0.018194115052683084,0.8881037762815249,0.6599078183184396,9.907039615516286,55.960829082274756,-43.75083973393393
26.0,197.1930055883066,94.09533882003902,4.649769254529372,0.07567632372495436,0.042380028887111273,0.022079956655702945,0.8710161637521214,0.6788563173165406,14.10647986258695,53.425640578639275,-49.7017036246832
27.0,143.92104865681404,98.71040575827546,19.893980089184918,0.08422943885043782,0.043365244464780114,0.026075965674098884,0.8536836479435175,0.6975376705931757,9.31661554981099,48.75268362831391,-55.8858888339035
28.0,129.31214092529908,103.47268449722338,-35.569376643186246,0.09286824031101246,0.0442776331048547,0.030115608247259975,0.8386241547624311,0.7159252979771281,-3.8714821068939984,41.87615142678395,-62.25477944743262
29.0,132.60284518510426,108.44071468041608,28.160715273206794,0.10017394205202143,0.04508723172192204,0.03416621982760598,0.8278037517100497,0.73409728408526,-13.779507240692242,33.342625556880385,-68.790700281966
30.0,129.0330800293041,113.67592610749121,7.924985483101321,0.10482146475353536,0.0457699118409689,0.03822652260503927,0.8223833186875799,0.7521606414902584,-13.007675115789555,23.82813051360418,-75.47312743588061
31.0,114.17513325171475,119.23853562422299,-32.96911432676117,0.1058683295591355,0.04630612814584975,0.042317535032349,0.8226291031533172,0.7701695150853519,-7.556055322866533,13.90525580696468,-82.27255536894666
32.0,117.71740314222275,125.18428542180851,-18.413764092284552,0.10297391572356221,0.04668001418127235,0.04647226624266559,0.8279467864611894,0.7880665336672795,-3.5947369298663183,4.33385365172888,-89.17002644705072
33.0,136.6382986496171,131.56214719139962,39.37814820146209,0.0964822793831382,0.046878723602718324,0.05072697013921247,0.8369918179230978,0.8056597285930021,1.0756356329560781,-4.553965987683214,-96.1486669501885
34.0,128.25647044448658,138.41278233858057,-32.119394095825584,0.08734238801432906,0.046892574143768066,0.05511552854347917,0.8478287627718502,0.8226321068396101,3.9550713331985077,-12.715528851125212,-103.1804299644446
35.0,154.4791824992557,145.76873555079976,5.496803847674431,0.07689074821494127,0.04671535999316764,0.05966775736903912,0.8581373269663335,0.8385739119498279,-4.611863945703472,-20.648918293228903,-110.22355754758085
36.0,121.4599794482707,153.65697952649361,8.78838546758489,0.06656328045560932,0.04634509962082404,0.06440813240213582,0.8654729345531839,0.8530285018171608,-17.92705210371635,-29.01079309588289,-117.22157950405592
37.0,90.57050768407595,162.1027729104863,4.653472931502088,0.057620512026833284,0.04578487296233575,0.06935445815759746,0.8675761995130009,0.8655464623661546,-17.97193566962775,-37.99963275507623,-124.11868895490761
38.0,97.94423970963749,171.13355986683803,12.416577340103279,0.05095845928729131,0.04504344399899865,0.074514367259568,0.8626940183957837,0.8757436361368922,-4.1548782641055455,-47.345284075352424,-130.85282930519247
39.0,154.24024719036913,180.78237382408633,38.51238038443214,0.04704453850212365,0.04413580733040136,0.079881418852558,0.8498445816573112,0.8833555965453497,7.991784671943669,-56.95080107775806,-137.3400364369902
40.0,99.2187105859131,191.09062346189796,-31.61788634681298,0.045977580103094266,0.04308350707384293,0.08543304938701289,0.8289529523509452,0.8882771179275419,11.931041809600758,-66.85820889242508,-143.47797014026503
41.0,129.5768451646289,202.10917805586337,50.17333912215431,0.04763671026755732,0.041914693057757746,0.09113314795637066,0.800815093081539,0.890575718974338,9.765691870697113,-77.14559235950459,-149.15898040968116
42.0,105.27578032548794,213.89813383559147,-39.26149408854874,0.05186311142723365,0.04066389516945883,0.09693764361755004,0.7669051053407766,0.8904756649922526,4.822820029148798,-87.74129364214856,-154.28549046192825
43.0,115.74778073862299,226.52436152168244,10.649795449868021,0.058613716982952514,0.039371514386722324,0.10280169335730174,0.7290927181635483,0.8883194125996402,1.0909720160099792,-98.49119492696184,-158.76861263166612
44.0,138.10373883301216,240.0562886593737,12.066915531263868,0.06803658082563624,0.03808304715939041,0.10868520061517459,0.6893569876036318,0.8845205552477883,-3.178943758603976,-109.34818295581427,-162.51555582734662
45.0,87.8251882963211,254.55729064248843,-20.468890923040888,0.0804431248769076,0.03684807706678872,0.11455386024273301,0.6495613110178454,0.8795213860172155,-10.82257251059717,-120.1259411679895,-165.43457918083064
46.0,108.10116412685163,270.07913705867287,0.19643246554776184,0.09618947440667644,0.035719082781003546,0.12037751254720855,0.6113130518367025,0.8737608152942482,-15.350240562288546,-130.57538088935502,-167.4360892865254
47.0,97.50782620899945,286.6565987940859,-15.441458597423683,0.11551859931295935,0.03475012319879606,0.1261277471988755,0.5758958042819056,0.8676507278482268,-13.78742853429798,-140.41883318919042,-168.4349453803421
48.0,117.21781424057097,304.30493430039246,22.80806486907711,0.13844079723549912,0.03399546829647827,0.13177713978752087,0.5442494846162153,0.8615564620626177,-11.253654625972528,-149.48676226426952,-168.3472291418394
49.0,112.3901546606278,323.02123808809824,10.887202810303684,0.1647236082965177,0.03350824725663527,0.13730092992420817,0.5169800179071578,0.8557805434683656,-12.600660994189402,-157.9562763607651,-167.0954982344766
50.0,124.27485842798635,342.7893998759899,33.07479931321671,0.19401426290780618,0.03333918351721116,0.142678886228917,0.49439255179890074,0.8505538329805915,-12.26591291619458,-166.14238735950838,-164.60973471831025
51.0,147.01819334150565,363.5881557863711,-9.463356318250765,0.22604071563963446,0.03353547978711218,0.14789671088774992,0.4765480127427091,0.8460395683288517,-3.276983493023137,-174.1532110540827,-160.8265844521708
52.0,143.22725616242184,385.40070973187335,-36.09589373736079,0.2607675382588078,0.034139905317325345,0.15294536833733238,0.4633394731908781,0.8423512812441902,14.689480921558676,-182.06262553488685,-155.6873749768413
53.0,261.87644734657755,408.2233676478969,58.1232168176133,0.2983654479745451,0.03519012371074761,0.15781980051283048,0.4545767670897073,0.8395777320718314,36.821522951498174,-190.01816747242722,-149.14182716712807
54.0,227.9599973835423,432.07125831193173,7.558795455803523,0.33891504006994533,0.0367182834709568,0.16251787545229804,0.45006172310276366,0.8378018752173899,47.66077878970807,-198.2860272938132,-141.16346180412242
55.0,233.980273490221,456.9787231929552,-16.489302578957084,0.38189353488147504,0.03875087668957563,0.16703941310401416,0.4496365667283856,0.8371006178044836,36.17429943493411,-206.68944539369355,-131.7616003449024
56.0,287.51704437347234,482.99355734804664,14.728170406045441,0.42563419236577427,0.0413088551888991,0.17138651337113614,0.45319478224342813,0.8375185188061627,9.736658047093782,-214.49048842458242,-120.9513589330558
57.0,188.73440367388952,510.1669498720174,-71.37117465249551,0.4670297124848516,0.04440797945716139,0.1755633160753407,0.4606539998896739,0.8390187725701264,-9.990275064864338,-220.32925875362966,-108.74898565022238
58.0,341.21081215958867,538.5397480615411,73.14068028444693,0.5017192308618842,0.048059365044426275,0.1795766596950295,0.47189968726177745,0.8414243093546968,-23.812683490320534,-222.5520331719707,-95.16278492070576
59.0,291.8506744694704,568.1266074432452,21.548139773261255,0.5248461157844707,0.052270184627125245,0.18343592838407058,0.48671253225751454,0.8443669627062579,-46.370262028101735,-219.80983306325274,-80.20121419346772
60.0,339.21125052032477,598.9013504485325,60.547014264634164,0.5322495581217678,0.05704448217953444,0.18715311954606623,0.5046899919969158,0.8472622741805168,-65.97316713093767,-211.55061390375548,-63.888437228600644
61.0,261.6972855557126,630.7871816512638,-105.09682732247377,0.5217477322949187,0.06238405858700331,0.19074235393502403,0.5251663540282143,0.8493230671147298,-56.974859408091596,-198.67089967652564,-46.253241027409764
62.0,528.8103815480862,663.654283836258,44.97132988934093,0.4940827897514261,0.068289395020939,0.19421788451746422,0.5471329972959658,0.849619007953395,-15.040337417570148,-183.27688818592233,-27.330163865403943
63.0,601.8439760588636,697.3259895361471,66.46587759348505,0.45318961395871726,0.07476059033693828,0.19759224901436379,0.5691699702253843,0.8471837071896045,32.31943502282257,-167.883948943211,-7.167937006880351
64.0,478.4545994449114,731.5910479304052,-93.41432481767758,0.40570557104182753,0.08179830002281022,0.20087384259898164,0.5894242489069125,0.8411647670310295,53.97919108471214,-154.79365392434394,14.179864561126772
65.0,715.9636946602423,766.2206974949538,88.68289676088237,0.3599553068694124,0.08940467479810267,0.20406581120951017,0.6056966840729392,0.8310024847521653,39.02447691129663,-145.2941016201976,36.65165764045535
66.0,599.296318722036,800.9890687395226,-88.33773885251061,0.3248743269666533,0.09758430463617408,0.20716623278033053,0.6156996384788835,0.8166072340800574,12.012135540846451,-139.814339517945,60.16554699100208
67.0,741.6157650185867,835.6934714018605,65.11664179521604,0.30935999574175377,0.10634517656975008,0.2101689162656138,0.6174926492246405,0.7984872858096923,-3.2496554865501115,-138.1866453255565,84.59774110742116
68.0,701.0826012751628,870.1687627489737,-22.788513743332942,0.3223386463075294,0.11569965030650756,0.2130649528245642,0.6099999195533236,0.7777701300802629,-5.294401023497618,-139.70086507881,109.81207082052508
69.0,795.8709339663905,904.2938389842667,18.927499800494203,0.3734978212148347,0.12566544322037765,0.21584414192684087,0.5934184842437235,0.7560765479957897,7.136632774662215,-143.04052744637656,135.656446406991
70.0,743.9049876353051,937.9901833889269,-81.2814566464619,0.4742886513154402,0.13626659544296782,0.21849575647628844,0.5693186188014279,0.7352524832960203,31.484919943632566,-146.68944176333727,161.94924181866077
71.0,980.2015304366113,971.2113295940736,108.20347607454305,0.6385680199772666,0.1475343575082023,0.22100912452984361,0.5403516730630157,0.7170224964459571,47.28320588481085,-148.6757432605533,188.48893888215616
72.0,770.3116187565944,1003.9243492068948,-116.12888315194503,0.8821784206615465,0.1595079096162248,0.22337382457916072,0.5096591132089433,0.7026679458939782,37.80181557245903,-146.97619900966853,215.06267332467823
73.0,980.1359823515875,1036.0828501886785,100.57292184744547,1.2208747048203636,0.172234786772807,0.22557978558177433,0.48020917737048047,0.692827364405154,4.501736407254332,-139.77244558523466,241.46256105861627
74.0,927.6149361631647,1067.598578114924,10.994660436362137,1.6663322587980867,0.18577085273016447,0.22761727142852967,0.45429519102503835,0.6874670880447583,-45.850663850615376,-125.01757251935409,267.4789344110336
75.0,764.5937613666208,1098.3184429653095,-119.2404180038194,2.22055641200785,0.20017964353826295,0.22947695126613787,0.4333232321584082,0.68600484970253,-99.49385194654478,-100.3221122869674,292.8804746039917
76.0,1109.097119502749,1128.0115565256729,141.0326249459229,2.869835886491061,0.21553089459546987,0.23114990914819966,0.4178763356640961,0.6875214276793643,-131.4069147595376,-64.36340571726495,317.4036928428517
77.0,921.3077457221491,1156.369553673631,-122.75672094944584,3.5802302399559753,0.2318980788420952,0.23262774256984334,0.4079474457603812,0.6909832253487704,-120.08336176896086,-18.46632160160355,340.7764638042472
78.0,1246.8652376812126,1183.0216263387838,32.48518539475802,4.29701055010635,0.24935482228867936,0.23390260435230947,0.40321336292640836,0.6954173369045222,-51.02387475785164,33.61397679328721,362.7315601330221
79.0,1363.2475132135037,1207.5638484444842,-37.842853637814514,4.949978485306617,0.26797012831779465,0.2349672667374067,0.40325687817137507,0.700013021515206,45.29081694076061,87.02546266646915,383.0031745945407
80.0,1744.791827552393,1229.5979759826294,228.58732802413354,5.464950395143576,0.2878024331063795,0.23581518240642488,0.40769589327201317,0.7041530750305991,98.45418322274644,136.66065842855292,401.3254999541675
81.0,1345.233367401825,1248.7725702460798,-251.95449907128037,5.779299445189933,0.3088926266345769,0.23644054171057824,0.41621844510807304,0.7073968598650743,100.18662159580491,177.79735568984043,417.432657458675
82.0,1386.3250728852693,1264.8183670079434,-244.0463120008438,5.857307909974466,0.33125629911755705,0.2368383254269957,0.42854256220476306,0.7094428818656853,94.07561888662394,207.38020580824266,431.06378812461145
83.0,1896.8574379202823,1277.5719538039093,243.84423639614639,5.700362265500653,0.35487560021521775,0.2370043523918716,0.4443258734348961,0.7100956646971233,95.36501101055869,223.4592306840801,442.00049619672365
84.0,1647.8022588140875,1286.9825644559867,-27.34719366410175,5.348335625428106,0.3796912146436495,0.2369353214102682,0.4630532912817346,0.7092524903950087,75.88398991140586,226.65929289251198,450.12404401815337
85.0,1443.212962153633,1293.1031264869898,-131.07822809390262,4.871408337636561,0.4055950484365195,0.23662884689965716,0.4839397509138963,0.7069128613576985,16.03485198195811,219.32494616098086,455.3769534033169
86.0,1650.264633660266,1296.067997333884,141.37669085596568,4.35475836090633,0.43242427131554745,0.23608348779083524,0.5058963510474064,0.7032000854316401,-70.84789515355199,205.0474812793076,457.72947914275056
87.0,1272.157813244715,1296.0621974564835,-174.68096204911276,3.88058307063936,0.4599573610572364,0.23529876928440907,0.527607974854113,0.6983746118579296,-129.05010541695918,187.43716473468146,457.18733344107426
88.0,1359.9810966414639,1293.2891185420272,-43.55795611711854,3.512114457534161,0.4879127381078289,0.23427519714250558,0.547741595533239,0.6928180804317148,-138.19322696074474,169.69013183595575,453.82061786316075
89.0,1617.1396910769543,1287.9431167851553,246.04978887254063,3.283020974987635,0.5159504611758511,0.2330142642824706,0.5652457272493411,0.6869783074459981,-115.84796142739395,153.63622246128406,447.73683683921126
90.0,1191.4938249032866,1280.19109217623,-239.037577877941,3.1937969246807842,0.5436772815716842,0.23151844953070624,0.5796398967051986,0.6812846613815694,-67.9619231761604,139.3347091636662,439.0739031154273
91.0,1718.987639572746,1270.1644270675786,224.51645156565453,3.215182530787036,0.5706551364965349,0.2297912084889876,0.5911719976190799,0.6760599738476143,31.8041862679638,124.42075980571845,428.0062127130083
92.0,1378.5355491879855,1257.9601655755748,-211.66821318833414,3.2974856703251705,0.5964129158353424,0.22783695656107816,0.6007659881718419,0.6714589339140594,141.31529051349963,108.50423124510739,414.72369672166565
93.0,1384.064455898308,1243.6475141660778,-170.85062279729314,3.383662644840471,0.6204610840597745,0.2256610442826601,0.609772171732186,0.6674518261270386,160.46918647194752,91.98708779522018,399.4094913873925
94.0,1702.2402121443815,1227.2763659449154,317.54265796218004,3.423110452090139,0.64230850157247,0.22326972519095883,0.6196127343540749,0.6638544685082529,57.577642849345075,75.93595317425807,382.2051925803717
95.0,909.2912238358443,1208.8857714062412,-304.0174367115406,3.382724966157325,0.6614805909475316,0.22067011656044544,0.6314407831894382,0.6603912375060128,-98.20610450884112,62.30802437235484,363.2395896948329
96.0,1152.2424479188505,1188.510755021005,48.327272673428546,3.252423341140783,0.6775378529980759,0.217870153416181,0.6458992740095878,0.6567733584932804,-164.59569278835016,53.01705438166829,342.6416141261843
97.0,1194.1009486704743,1166.1873602711441,70.42406943250035,3.0440897457792317,0.6900936703257798,0.21487853631536563,0.6630116710101763,0.6527764644816524,-124.5639547981193,48.64620149464205,320.55334003635113
98.0,1242.0908743413574,1141.957561105999,101.27437054769545,2.7851141432227378,0.6988303500720231,0.21170467345922295,0.6821967346587834,0.6483040914310404,-43.499820549294895,47.966038184204685,297.15288248372457
99.0,1259.9485266327883,1115.87572216847,60.629114080085095,2.509299243746921,0.7035124533006221,0.20835861776039233,0.7023881122342034,0.6434247599535017,36.24163977075279,49.10412256335203,272.6258351087395
100.0,1141.924971140544,1088.016532335595,-118.09215574464913,2.2481883439016377,0.7039966282255479,0.20485099954459268,0.7222415310417442,0.638371887759951,102.59215227451092,49.57093852490976,247.17883991914945
101.0,1353.179145299762,1058.4835703011881,78.6507606478202,2.024908974115264,0.7002373937106403,0.20119295560871003,0.7404071151961591,0.6335018819208607,142.79412431244486,46.39353958261947,221.0026960541356
102.0,1233.265073113001,1027.416956014949,61.115917046327105,1.851201880824339,0.6922885879962981,0.19739605539010946,0.7558234896460501,0.6292172826216198,127.90359722056775,37.892016582649,194.2693406656417
103.0,1073.9745217051002,994.9976459446068,-34.474205401674936,1.7272460279472965,0.6803004820368512,0.19347222502352968,0.7679658854158091,0.6258746266784552,55.357007733204945,24.154265536111847,167.17494859148266
104.0,982.8642019024876,961.4464722843645,37.813970403373354,1.643537605110758,0.6645128329277713,0.18943367007225892,0.776974850999097,0.6237037756054522,-33.973723185815885,6.778999980324581,139.93104020056387
105.0,811.4281732261775,927.016609688504,-25.861458796414567,1.5841857027472064,0.6452443980847634,0.1852927977194796,0.7836194713345714,0.6227619732027427,-81.20714236597827,-12.330560044781222,112.75125583342121
106.0,561.4554408412728,891.9797346440796,-204.63681036883395,1.531078736214688,0.6228796263680543,0.18106213919398528,0.7891015808469872,0.6229330845458019,-65.72330240415853,-31.297190470459928,85.84142555085914
107.0,957.6112161552214,856.6100390507205,199.46823378054887,1.468217309505823,0.5978533749857542,0.17675427318237416,0.794759652979262,0.6239669953923157,-8.655600306463018,-48.43496972138723,59.37441834951477
108.0,666.0881391869741,821.1691742107084,-101.37759461634816,1.38526226755121,0.5706345639986358,0.17238175094794767,0.8017572557002848,0.6255433901162863,22.050053586423815,-62.60758551468796,33.508959779442456
109.0,694.5156683421515,785.8934668227533,-46.59760359399083,1.2793609460682098,0.5417096735332453,0.16795702383568326,0.8108329896889951,0.6273413269764562,18.005894606703155,-73.81343203392275,8.40424190188749
110.0,650.8784398600477,750.9846742870529,-20.39558554889781,1.1547793730407774,0.5115669185638327,0.16349237379373968,0.8221583699446514,0.6290993280575187,12.109603736167116,-83.28957346492805,-15.78288744169528
111.0,713.1472689453259,716.6056739375379,65.69917478788597,1.020628789867194,0.4806818136520564,0.15899984748602794,0.8353165044354666,0.6306560578664786,13.515191461181331,-91.30273470048935,-38.921539539695864
112.0,511.82957809469286,682.880952217444,-53.450382059673046,0.8876404602271263,0.4495046802469649,0.15449119450857715,0.8493901078337285,0.6319664632532798,7.542872070852831,-97.75904345898574,-60.947820493171605
113.0,541.5549255007694,649.9018162159676,31.589600294400466,0.7651675347039661,0.41845046879834935,0.1499778101559304,0.8631329119677508,0.6330924583213151,-9.663123101150434,-102.17609148630969,-81.83668346295475
114.0,492.1265800428965,617.7330808774044,27.12229084717393,0.6593013085608865,0.38789108383226373,0.14547068311384886,0.8751883983120965,0.6341718681432889,-27.941680801078018,-104.21291403309947,-101.56356844661127
115.0,323.47882743407183,586.4191864478013,-84.98014861946034,0.5723936092087504,0.3581502275252687,0.14098034838242135,0.8843114115922033,0.635374285816871,-28.44289862832566,-103.82447112256027,-120.1043794193115
116.0,447.2533375671943,555.9897002834061,10.115088267658512,0.5037091060484413,0.3295006285860094,0.1365168456604909,0.8895455981596436,0.6368559361248234,-2.89883920124732,-101.33432256035364,-137.43646447012046
117.0,509.4938610008427,526.4654352223014,23.77831312394808,0.4506351578321623,0.30216340707994177,0.13208968334930452,0.8903191556619054,0.6387254349100581,23.505474751738223,-97.34179760161892,-153.53815067953815
118.0,417.45472595597,497.86234292555326,12.719768320049885,0.4098991692457564,0.2763092467727022,0.12770780826158804,0.886444582180374,0.6410279568611602,27.156741512956643,-92.1302561460206,-168.3960311289957
119.0,408.47985623332454,470.1920270543728,44.28553802215214,0.3784637704013998,0.2520610051368244,0.12337958105289001,0.8780379173437176,0.6437485837042285,12.076256482157802,-86.01295545989183,-182.04319434510697
120.0,326.3142951419795,443.4617699942409,-37.19167099405654,0.35401574179846973,0.22949738432271627,0.11911275732597199,0.8653970574065286,0.6468295643145199,-7.02224526120047,-79.25341469156417,-194.52720090068613
121.0,310.85406466843676,417.67513804776263,-31.488552270785288,0.33511915051058233,0.20865730832799334,0.11491447429708945,0.8488869213373835,0.6501932869190371,-18.592118474707167,-72.16358639301656,-205.90432856284895
122.0,290.68475391912125,392.8342221077213,-13.546603805916464,0.32114673469151445,0.18954469471521493,0.11079124285592434,0.8288691519260503,0.6537634575787932,-17.88667543877116,-65.13966743740004,-216.22996924555594
123.0,249.93101802045092,368.93997907173843,2.6718576859183805,0.31208327633970134,0.17213336519463776,0.10674894479929262,0.805691425841699,0.6574800590142775,-4.668096973864881,-58.62887882280649,-225.54469186127702
124.0,316.33623717828516,345.9912308472143,33.966256102167755,0.30826769285168965,0.1563719001228714,0.10279283497301943,0.7797264239312229,0.6613071899055254,12.106038618602033,-53.24923229501147,-233.8818675908784
125.0,250.96184728569116,323.98445314910117,3.1298576955219577,0.31013310079144574,0.14218830046221295,0.09892754801688584,0.751432769623557,0.6652352997046784,18.306870868637187,-49.33675476491319,-241.27403436216028
126.0,214.53388422249762,302.9147756532677,-36.89231469840531,0.31800500536395704,0.1294943716566886,0.0951571093745043,0.7214055982591926,0.6692800340351375,8.10700470885927,-46.91034151700436,-247.75969685063868
127.0,254.08687046386473,282.77742377398533,24.183849983918694,0.33199977887797644,0.11818978385083367,0.09148495020345841,0.6903930862736581,0.6734792514553836,-4.240067459404702,-45.47371629636333,-253.3851110240771
128.0,133.26238897295636,263.56829119185943,-68.36813323252771,0.3520152233412255,0.10816579057352244,0.08791392580100664,0.6592719914554334,0.677888690437769,-5.912568104700352,-44.374430341442235,-258.18409456841874
129.0,202.0499180698687,245.28417769777178,43.695657146197526,0.37774093541661935,0.09930860392262533,0.0844463371469523,0.6289917517584606,0.6825761434147308,0.3129667158169311,-42.96721687400635,-262.14524087049784
130.0,187.40325625586402,227.92301146904632,21.476715028992135,0.4085830624492769,0.0915024303395848,0.08108395515768378,0.6005058532758656,0.6876141650374388,6.339729650771016,-41.05237497002842,-265.22790974423873
131.0,141.41540447153918,211.48404000021176,-25.478334845525353,0.4434366498130384,0.08463217010237473,0.0778280472435574,0.5747087056980027,0.6930719671849225,10.165972576416712,-38.680135780521425,-267.39419764997297
132.0,110.30344750865262,195.96688915959163,-40.82780663349075,0.4803500324473203,0.07858577891414184,0.07467940576533025,0.5523891438911411,0.6990075794884735,11.794159924241058,-35.861887841471635,-268.6027857900064
133.0,102.29474137350921,181.36981161485073,-20.054476414441876,0.5162550678216766,0.07325628451269214,0.07163837799379222,0.5342032699328554,0.7054611360551634,10.160594157282091,-32.588086584162006,-268.83431525637565
134.0,115.889890398238,167.68648304458353,0.20169920004753253,0.5469976907433249,0.06854344761320344,0.06870489718958625,0.5206635993602808,0.7124493494155146,5.572713525246761,-28.840521986982935,-268.0793902782312
135.0,171.67121417671154,154.90384429590284,67.82356342091936,0.5678311218230222,0.06435505643495779,0.06587851443690607,0.512139126523425,0.7199603356226819,-2.1431650744271242,-24.490030728632828,-266.3405691883302
136.0,125.56978701223906,143.0013399111243,-0.23772671798972547,0.5743391717951506,0.06060784831075917,0.06315843088476202,0.508860510172105,0.7279475488573985,-12.490171594088563,-19.48429085956563,-263.6221805683374
137.0,77.38452605324343,131.95076098371337,-82.51565525669606,0.5635319309031765,0.05722806026442905,0.06054353007224128,0.510924497318132,0.7363220577465256,-14.841258975531526,-13.883455608318757,-259.93531354069086
138.0,122.90311286774272,121.71688806352134,58.631352820754586,0.5347264408419935,0.054151622018841196,0.05803241003909694,0.5182914535449338,0.7449437568295061,-2.077914023517105,-7.946958378913622,-255.34140115023988
139.0,91.27698200658666,112.25931574392267,32.016986144087845,0.4898720480173282,0.05132401817792923,0.055623414949532615,0.5307700142087869,0.7536139329080712,14.515213292958407,-2.0226736682479953,-249.95138838906857
140.0,74.13086527450237,103.53513764600798,3.7473376433625134,0.43318785205413113,0.048699859571251704,0.05331466598467891,0.5479845423705328,0.7620731295035763,17.813716672169047,3.2251055480258217,-243.8710515610588
141.0,89.49451382742048,95.50197079950756,-37.08477508061687,0.37024322080684796,0.0462422152507409,0.05110409128749141,0.5693257209949165,0.7700086157669277,15.448091416280286,7.141898866413197,-237.19798744409422
142.0,87.61629944690073,88.12096396408086,-3.194584973238054,0.3068025959688559,0.04392176495532804,0.048989454772177546,0.5938935468203302,0.7770744170018086,17.33678142015518,9.22995295640146,-230.04477710457002
143.0,59.210484426887014,81.3586029124812,1.4020565140809136,0.2477937979698301,0.041715836035615676,0.04696838363836513,0.6204548404689587,0.7829239115435463,11.261879969522314,9.576410775583911,-222.53482310207008
144.0,79.2526907691787,75.18719249917547,7.797208442861344,0.19665248831568477,0.03960738843536128,0.045038394457687134,0.6474494500482945,0.7872512764235409,-9.54700258031289,8.318527650203746,-214.76854602526058
145.0,42.84191433338813,69.5846091723775,-7.694631035493962,0.155119841161793,0.03758400650025837,0.04319691772695118,0.6730807187497319,0.7898347922398085,-24.43954720896936,5.667591589465414,-206.813101020505
146.0,37.70117954457318,64.53333410777505,12.1429296764492,0.1234158317399083,0.03563694776708046,0.04144132080731186,0.6955060087692524,0.7905732667903804,-18.639308763379734,2.3116582231676825,-198.7121306849616
147.0,42.54518826569478,60.018500656777306,-11.195954680182043,0.10063253614536075,0.03376028749422614,0.039768929192642875,0.7131011710327579,0.7895071812233289,2.2620930263317285,-0.8948068031887065,-190.48670548561077
148.0,35.92383198777754,56.025257250877196,-20.325979522088897,0.08519408410879455,0.031950184765598695,0.03817704607243323,0.7247256869047738,0.7868186978607736,20.500574030560546,-3.3698685488440496,-182.1530245009175
149.0,40.61007658996457,52.53626463547177,11.063403369047704,0.07527887189690224,0.030204282826841615,0.03666297017487361,0.7298927677301646,0.7828091369792601,20.366618057571376,-4.891300299084903,-173.72366013832243
150.0,43.21714983632312,49.52952494110287,-36.689003556973965,0.06915432731537233,0.028521244092745146,0.03522401189426315,0.7287740526967552,0.7778581775828021,4.091423725307321,-5.238964593391859,-165.20188758159284
151.0,49.730523084371114,46.97668020004613,38.00065296199982,0.06541003524642543,0.026900409974328313,0.033857507723402534,0.7220365940987117,0.7723743376292745,-11.257985285186761,-4.330459496169278,-156.58006828834243
152.0,43.34841678260974,44.84211734032628,12.596862809030293,0.06308881126515434,0.02534156798971165,0.032560833026229925,0.7105851575462356,0.7667491385730139,-16.965746534788796,-2.3558906961348622,-147.8354038262784
153.0,27.01834269810554,43.08328126226368,-18.057592786713695,0.0617183995664128,0.023844803882165228,0.031331413198619866,0.6953221483210725,0.7613260634243112,-13.669919652824326,0.2860519166526749,-138.95675903298454
154.0,54.32232815287737,41.65227822526595,26.49137818588041,0.0612504840160236,0.022410414676586738,0.03016673327604572,0.6770188618275135,0.7563898831209978,-5.530537614621884,3.1904535733575075,-129.9352072850928
155.0,31.474954310499296,40.498390845793736,-22.36902983077079,0.0619229672826917,0.021038859475521678,0.02906434605577416,0.6563279980432833,0.7521740733074884,6.379298269117517,6.056179740972644,-120.78063379060471
156.0,19.610227491334097,39.571009867848886,-7.864501201474532,0.0640733309400266,0.019730727816597696,0.02802187880850402,0.6338950981035654,0.7488770717540076,18.622334821998564,8.509171883221152,-111.52430872057808
157.0,58.58635710626628,38.822748640197204,14.525959722557152,0.0679406727074232,0.01848670993109825,0.027037038659986898,0.6104831186106157,0.746675100659635,23.13277649348431,10.095749567812321,-102.20546250773371
158.0,18.507524660742725,38.21234751065869,-10.94521581864523,0.07349891237694788,0.0173075585472913,0.02610761672729193,0.5870282808592837,0.7457217334990491,17.969940624129688,10.462976193383053,-92.86227399286234
159.0,24.735169225801155,37.70667121321732,-3.3352292705377757,0.08036229349422111,0.016194037283489997,0.025231491097126392,0.5645891359708098,0.746131448015747,10.776975057130437,9.261502904317068,-83.54201990228624
160.0,20.575873862204453,37.28151380882393,-3.8991736947533977,0.08779423190053028,0.01514685557522222,0.02440662873513093,0.5442075017891661,0.7479528794671533,5.786996087310875,6.3992354710456825,-74.30203326713115
161.0,40.95900699398012,36.9209024420903,12.34727801049826,0.09482850935274034,0.014166594016769464,0.023631086415465397,0.5267393544595339,0.7511432479349618,-0.6317627218317075,2.4577049922620007,-65.19061396185786
162.0,23.366139886517196,36.61502895499633,-32.48885767356408,0.1004784854398809,0.01325362667451271,0.02290301075942305,0.5127195071595045,0.7555556807440621,-7.031561774342406,-1.770832314002823,-56.257252872988595
163.0,37.75354866567017,36.35779991227837,-23.077750282148628,0.1039750517203899,0.012408048227326897,0.022220637470388403,0.5023005520120136,0.7609460878416752,-8.851502389368742,-5.329022708949154,-47.55038398978903
164.0,42.59498192931233,36.144252939226746,54.24914849044242,0.10495467562434352,0.01162961375121651,0.021582289850313026,0.49527271635247105,0.7669988455387896,-3.1524986811656732,-7.36343983702676,-39.11842430628031
165.0,29.32823797760795,35.968168554775794,-34.37277498475628,0.10353014497704455,0.010917697773640628,0.02098637668014565,0.49114538628255705,0.7733645203443575,3.3501866244238685,-7.481450540043205,-31.009899822618184
166.0,14.839942691626971,35.820248749019626,11.170927703225962,0.1002193841779659,0.010271277161888474,0.020431389543430697,0.48926087541297647,0.7797004476324915,4.753086526874022,-5.722971052754493,-23.26934327196737
167.0,13.922835304415882,35.68801387597155,-8.956419161668554,0.09576406953592849,0.009688939823494298,0.019915899668687537,0.48891334252609936,0.7857060423590064,2.5811757929432706,-2.3601753226882685,-15.953793743975368
168.0,14.714402180190314,35.55648086054611,15.858469042719918,0.09091166446194257,0.009168918445197266,0.019438554362298088,0.48945295408477196,0.7911475832106213,-2.145826035107133,2.046651653392187,-9.11502051148748
169.0,12.99303899078279,35.4086766254497,-16.074639946058166,0.08624080276163525,0.008709145916543669,0.018998073099548835,0.49036208888988686,0.7958701604233543,-8.066058573840948,6.656600545548899,-2.7915548320572654
170.0,22.724222769379253,35.22639538022781,-11.97722353423823,0.08207991385275938,0.008307326954280884,0.01859324333727244,0.49129574970909495,0.7997967603631385,-6.877699050851674,10.324551989724448,2.976854682968933
171.0,18.879208641852838,34.99149785028439,9.582935227113735,0.07852205012796061,0.007961018963988795,0.01822291610728152,0.4920840179734902,0.8029162518967803,2.7746085666960134,12.24888911648442,8.164064306891786
172.0,54.48724653325127,34.68704497831031,29.300541801336664,0.07550125825492299,0.0076677144546921615,0.017886001445541446,0.4927012485102159,0.8052636984461429,9.77976634442759,12.048213895938092,12.76638015164798
173.0,26.125031789547723,34.29804257440438,-13.707966627305348,0.07288394495187009,0.007424917378159687,0.01758146370783949,0.49321338493842276,0.8068978291133657,6.659281472810805,9.630597748603051,16.805397545264153
174.0,8.257815082721288,33.81171164850474,19.524623768695545,0.07054112839417054,0.00723020653372291,0.017308316818615818,0.4937187070504764,0.8078810581710631,-3.8101424117316136,5.7159479020188035,20.30674102758824
175.0,7.623381257397198,33.217523462391995,-49.00334648522557,0.06838988715848149,0.007081280534612047,0.017065619495660538,0.4942968997128344,0.8082665947075673,-12.960064904470402,1.3218679495715344,23.293303369213294
176.0,39.55933458629771,32.507514468724096,19.83093861580278,0.06640945322944419,0.006975980604294536,0.01685247048957672,0.49497716169583206,0.8080949694279251,-11.93843619689742,-2.796134073069453,25.786442586886746
177.0,13.387412717442723,31.677257095056966,-6.4369350940252374,0.06464242585762967,0.006912289474087452,0.016668003873281143,0.49573027848163326,0.8073993909760769,-4.393349551479115,-6.259043498769967,27.818647211268086
178.0,25.542095497804826,30.726889918580326,5.780779120314347,0.06318715521903406,0.006888306702498737,0.01651138441337586,0.49648407124887795,0.8062166239081509,3.265341008642626,-8.679173910007227,29.443644789651817
179.0,15.806410629615627,29.662092482879636,-2.2306283964029014,0.0621803276483689,0.006902202668794885,0.01638180305198346,0.49715694427673196,0.80459825348366,11.47809686322305,-9.97747952766706,30.720014129386865
180.0,19.647598837169763,28.49489663083574,13.727992063956556,0.06176492113521033,0.006952155176553652,0.016278472524600112,0.49769995328637356,0.8026166796685407,18.366038548766024,-10.548750419993665,31.705079498607457
181.0,4.459449254940905,27.2443617598748,8.992957215531563,0.06204085986827117,0.007036273943104448,0.016200623136683506,0.49813390846342087,0.8003612424734892,16.40053497867007,-10.795599260105893,32.45177211073929
182.0,11.727768771571446,25.936614217977144,-34.10116239074273,0.06300434575756009,0.007152519190557578,0.016147498719054496,0.4985658751733536,0.7979226840766094,4.101843711844907,-10.79660123155855,33.00515595947967
183.0,13.06662060938017,24.603562929843598,25.128894305345185,0.06449468911821485,0.007298621068953498,0.016118352779745077,0.49917118925643045,0.7953684012981531,-12.629724916093286,-10.496897453297516,33.39651286255813
184.0,31.487739269715465,23.28113699844866,-13.00355912624959,0.0661782656322967,0.007472006732873586,0.016112444867663805,0.5001340771235114,0.7927154863529797,-21.955683824337086,-9.788734690280684,33.656713324173175
185.0,3.1082042595297263,22.007437544304608,25.640130108445224,0.06759898188837168,0.007669741578503499,0.016129037161363116,0.5015516828635462,0.7899115728050268,-17.569023100838592,-8.469844397483385,33.81590732711373
186.0,7.88640028427726,20.820360769794025,11.385768081200686,0.06830691800918685,0.007888490458796011,0.01616739129427019,0.503321048603957,0.7868334321667176,-4.267293352624919,-6.3566424584285555,33.90065108880652
187.0,16.232894687622938,19.7546164728329,-28.42635593333381,0.0680443474073425,0.0081245036671984,0.016226765425972827,0.5050441260558314,0.7833097818364487,12.207878035359618,-3.73240846199142,33.93263323015108
188.0,17.76087724880704,18.838862515000464,-6.1360835927594595,0.06693461623388794,0.008373631158063883,0.016306411567522088,0.5059978232493725,0.7791687888816461,20.616539317187346,-0.9935492781399894,33.934017521169665
189.0,61.79885506464592,18.093206703672816,24.973366393838262,0.06560227046740805,0.008631366903784883,0.01640557316721197,0.5052148591446886,0.7743034208983581,11.704907082244413,1.6046139071167556,33.93211096199751
190.0,29.611714994199083,17.527340770839878,-17.0560649722748,0.06516365760256518,0.008892923534203805,0.016523482961911206,0.50169421544067,0.7687398874413629,-13.984787550095447,4.185017007546357,33.954999355756065
191.0,11.179042480762693,17.139194088621267,0.974403757544612,0.06706336126720251,0.00915333553600627,0.0166593610977416,0.49470417809182005,0.7626876068074379,-33.110465510946334,6.969939055039016,34.023603823745226
192.0,7.000467783929707,16.91462499410509,-3.6044947754951715,0.07277856223392683,0.00940758739821178,0.01681241352270937,0.4840779201366614,0.7565476321241744,-30.18297121340642,9.987767447643597,34.129634738580066
193.0,52.638133762127154,16.828628525015564,-1.759560215254916,0.08345347028203812,0.009650761281294992,0.016981830652790204,0.47037440842202105,0.7508654648032912,-12.63763965014581,12.852948399136617,34.252938308298035
194.0,24.85466303398309,16.847659795688312,11.017592965079245,0.09954854699096385,0.00987819718275794,0.017166786311934565,0.45481944767731897,0.7462342082139444,7.148515697507871,15.122313787371525,34.378087685415714
195.0,38.982752152233495,16.932843628382837,-5.066199959063489,0.12059211343750285,0.010085657299003046,0.017366436945487257,0.43904024750002063,0.7431766205888246,18.612305017627378,16.409812032654276,34.504075267111624
196.0,23.609060313534908,17.044168955023075,3.0560272227865988,0.14510702638435077,0.010269485466020353,0.017579921105595323,0.4247029030372952,0.7420460962224953,16.42652461754467,16.436222766577373,34.61844148434204
197.0,37.31814759634532,17.144654881068558,20.7203653517482,0.17075373819716413,0.01042675230574459,0.01780635920630254,0.4131947440543919,0.7429785496999781,7.16670580430542,15.231104784629176,34.70327200724989
198.0,18.390123889679113,17.20384557242597,-8.573276482836755,0.19468423893996795,0.010555377084169214,0.018044853545188262,0.40544899083220093,0.7459040507143805,-0.5942331453433584,12.924531403887345,34.73525769913866
199.0,5.391383109454107,17.20022439567888,-41.59329272097043,0.21404490047401437,0.01065421832797256,0.018294488587596965,0.4019269195268448,0.7506027588740354,-3.367127950737357,9.762720276897852,34.685233563876714
200.0,4.312066015781973,17.122353641411404,24.78815101981367,0.22651505644353379,0.010723126918148747,0.018554331508713887,0.402706912833218,0.7567768097214138,-2.9226656187787516,6.201414644492253,34.528470585836374
201.0,8.46232179167918,16.968775158066823,36.87237140333749,0.23074373800299114,0.010762957590175468,0.01882343298796692,0.4076086477935603,0.764111671318459,0.519114876138128,2.593607113582,34.24536886398219
202.0,29.81727166402347,16.74686633723783,-25.136784959174506,0.22656654432623644,0.010775537370200526,0.019100828249467523,0.4162974442539126,0.7723119051809426,3.594590145973811,-0.6501997028807862,33.810558480462454
203.0,12.06862856984647,16.47064475734092,-37.05317739528409,0.21494847143752285,0.010763592267100164,0.01938553834144007,0.428344750595548,0.7811093551146743,1.3184204477612411,-3.1788376112663457,33.1994931993774
204.0,13.587028874338047,16.158092333493897,-13.631519963236238,0.19768516948345985,0.010730636292043865,0.019676571646823057,0.4432463502236164,0.7902511136365438,-7.690255424398127,-4.813357754770887,32.41979117721652
205.0,14.479216650360707,15.828774540912207,12.074643026826346,0.1769693346410926,0.010680829353591206,0.01997292561645346,0.46041307285128197,0.79947856751048,-13.691496224634102,-5.2620945811132165,31.48643900191308
206.0,3.2361518588210494,15.501696179187697,-7.8301661851282205,0.15495945824161989,0.010618812557841882,0.02027358871546242,0.4791518918578984,0.8085084296172284,-4.9371707052022735,-4.350785767753298,30.416376855869164
207.0,26.95598591147778,15.19351331705047,47.692449713436815,0.133464389323503,0.010549530751682698,0.020577542572713135,0.4986536580554748,0.8170238985535327,5.856687764887002,-2.55587046640553,29.229037167799707
208.0,8.031651285235297,14.917264032052241,-56.482221840000896,0.11379474366288274,0.010478052665987718,0.02088376432229721,0.5180013484545355,0.8246806860624316,5.40800385867245,-0.3895220259534842,27.93782040599386
209.0,9.646380968354567,14.681696770246587,28.391780845062073,0.09676342243121486,0.010409398702359811,0.02119122912527186,0.5362102934411661,0.8311294745706186,-1.3793692898278043,1.6116511862845269,26.54969568968103
210.0,0.9042911175655305,14.491204144653699,-25.508223535533705,0.08277313336748114,0.010348385298149892,0.021498912858965474,0.5523069966491794,0.8360532350249303,-5.269343759300425,3.0231711459917374,25.0783869194491
211.0,24.09348404334932,14.345977211962335,10.794523466275658,0.07192262592035036,0.010299493011011237,0.021805794960303104,0.5654426983384286,0.8392140282779088,-5.582881507906812,3.8134630655516477,23.57131974311869
212.0,10.911284184220456,14.242473347297839,9.671818076468503,0.064088321600573,0.010266763159145632,0.022110861408707015,0.5750217221124462,0.8404993427332521,-4.571228920181684,3.997233042994926,22.081167683788422
213.0,10.113648429280179,14.174730181721301,-5.211556270680405,0.05897407972019159,0.010253725253223893,0.022413107833212265,0.5808090302112967,0.8399543347827036,-3.1403507796701873,3.822634282326247,20.652987898651755
214.0,4.468498181896467,14.135959924344842,-10.80876980759605,0.05614844185069555,0.010263354798767695,0.02271154272750669,0.5829769430979284,0.8377866153823402,0.7259732460076899,3.8114839169256665,19.331496746039612
215.0,3.9281966793757115,14.119946318913616,1.4295535887430642,0.05509440492152792,0.010298058570249954,0.023005190755663447,0.5820654933504098,0.8343367253617824,4.844576352475903,4.505165353574423,18.155201328232756
216.0,35.91269628210676,14.122458243825623,-11.193731448703742,0.05528247688276714,0.01035968237437858,0.023293096130388494,0.5788614247214832,0.8300189226486476,5.905181939882211,5.880017339337564,17.162700334837655
217.0,44.29905669641362,14.142917953793686,35.25443397421875,0.05625444315374892,0.010449534803670828,0.0235743260446631,0.5742327467843991,0.8252482039483566,7.1250439751908,7.253066253176004,16.39318273874024
218.0,26.494263242065834,14.185614740464557,-21.000019647267454,0.05768820546713971,0.010568419652736657,0.023847974136732442,0.5689714447711278,0.8203744852139883,9.414849827859468,7.876243044907322,15.888565849224408
219.0,34.90157179138114,14.259652724638986,-13.772002842058768,0.05941511659427029,0.010716669587537855,0.02411316396748671,0.5636880780709737,0.8156407745516029,8.242973063479768,7.254855750668334,15.687699221871553
220.0,13.24454721858958,14.377753762203842,13.109145106232825,0.06138176383820928,0.010894174317053626,0.02436905248841463,0.5587749498634309,0.8111715288634885,4.694437093071575,5.223938700132211,15.814329670561259
221.0,21.36972336969621,14.554204414853903,-6.9259526679129335,0.06357689884730446,0.01110039785006201,0.02461483347749526,0.5544252149691457,0.8069861968570915,-1.9860618466790105,2.2871431705266527,16.26605986784381
222.0,12.105183570996779,14.802465722702593,37.12187737143221,0.06596335201739113,0.01133438130437886,0.024849740919649355,0.5506783763643294,0.803026637786826,-8.46670322828716,-0.820348196496404,17.003276775304204
223.0,0.31879064484242325,15.13290404556399,-7.2631875701194275,0.06845147353689085,0.011594730003658286,0.025073052307714002,0.5474634556757818,0.7991874429458521,-11.709724426650538,-3.537038407765452,17.95858747178929
224.0,29.99208698987156,15.55102309116188,-23.082411105576455,0.07092635744353636,0.011879586047128944,0.02528409183935356,0.5446249531377141,0.7953430628058751,-12.640297082016156,-5.587599216746532,19.05742580952446
225.0,20.40701825354348,16.056523718215992,47.070140868480244,0.0733112107038717,0.012186589952607317,0.025482233484895197,0.5419336620511809,0.791371133749394,-11.447870829363266,-6.848708801204268,20.230569320865158
226.0,12.571193547905224,16.643351508809605,-39.72140660045557,0.0756324219390751,0.012512837134177326,0.025666903900800474,0.5390957494417814,0.7871743419982833,-7.460372384318571,-7.466415002123786,21.433451262402127
227.0,10.849756109123796,17.300888070361637,6.712004720004193,0.07805691195972138,0.012854836680146356,0.025837585163375684,0.5357754647777812,0.7827026245917996,-2.3898480660757366,-7.749014639085256,22.634327524808498
228.0,7.447804093624041,18.015566918528062,13.360332030484493,0.08089228685398575,0.013208480972600545,0.025993817297403816,0.5316406257523308,0.7779746567332795,0.20347549895244624,-7.98099477264617,23.803610640778402
229.0,14.82864084919758,18.772496296581807,-12.727307492354933,0.0845585557562559,0.013569035010176464,0.026135200574670548,0.5264295971824386,0.7730945185991146,1.3177616308184454,-8.261966832654638,24.89859239788895
230.0,12.647849363220159,19.55660803268814,-11.964050674249584,0.0895431548513393,0.013931153789142982,0.026261397557873933,0.520028007254857,0.7682579726402949,-0.2245231075367856,-8.451119650416846,25.84211623959388
231.0,16.54594459610213,20.352930638746464,20.12627337980254,0.09633837882207213,0.014288934756053582,0.026372134866169704,0.5125362242970822,0.7637437313546503,-3.9543277230331846,-8.357249795801387,26.562773042500364
232.0,5.562980183473161,21.146025749295497,-7.040387475372579,0.1053457299963792,0.014636010226208354,0.026467204639625874,0.5043070370525043,0.7598882288386571,-9.575361552984523,-8.019051148974773,27.04002545759606
233.0,18.065929811641222,21.91889914916055,-32.12652873142242,0.11673353588090428,0.014965681890510923,0.02654646568115375,0.4959383573619738,0.7570466935696456,-13.64148186076597,-7.3581429943295475,27.268694640450054
234.0,12.51834885213302,22.65168659873672,8.52632846835293,0.13026139986273533,0.015271096295699641,0.026609844256055202,0.4882173245882559,0.7555472289959294,-11.032314960602916,-6.375017625410646,27.25756537024688
235.0,13.502117931431144,23.320744454438774,4.569532726081053,0.1451272443335863,0.015545456719434967,0.026657334531183827,0.4820261988329585,0.7556465810664362,-7.587476976833983,-4.880735101207708,27.043557064497975
236.0,23.885697258989193,23.898699777333285,-5.964754045275254,0.15992252393753995,0.015782263452207092,0.026688998637858664,0.47823110524065493,0.7574953826594937,-11.595652772504948,-2.39376695946868,26.65959243143979
237.0,5.624720980076841,24.35593815757533,-4.288318079461604,0.17277012630201968,0.015975571443500237,0.026704966345091095,0.47757719293971923,0.7611172401036032,-15.24310098237884,1.1913973835778784,26.13574793758926
238.0,0.971662373457436,24.663593244102962,-37.38140180813804,0.18165878385731127,0.016120251868650643,0.026705434332376418,0.48060723435228014,0.7664016696866935,-4.933442929591859,5.535975230750593,25.50031706700975
239.0,74.65753028339746,24.797358092520952,79.88835607918253,0.18490006638379122,0.0162122426937774,0.0266906650542484,0.4876087960401125,0.7731076737339688,12.878393623241879,9.998212330534583,24.779986468049348
240.0,24.306376409101205,24.741399007495232,-29.31728338711979,0.18156447818379065,0.016248772967600668,0.026660985191976103,0.49858372775779913,0.7808740054015615,25.51949774608963,13.538367613519334,23.99431357437804
241.0,21.526366001509917,24.491421434084398,-22.7676715146229,0.1717433954035536,0.01622854647079491,0.026616783691173384,0.5132276955528386,0.7892337786511832,24.976162374246996,15.351882154858169,23.151955423662027
242.0,9.191712021159292,24.055961690286978,-25.188311813618586,0.15654404627762586,0.016151872513083133,0.026558509387660516,0.5309091010386955,0.7976337074322799,14.807089257330851,15.024537045292531,22.26692433066141
243.0,25.773612208066233,23.455958901134274,4.302279787702517,0.13782652514025148,0.016020734965498797,0.026486668227630194,0.5506460656097817,0.8054604013622816,3.611283027568684,12.888657308993109,21.372051326790938
244.0,0.6194456679471978,22.722481023188863,-10.897906496899575,0.11778403757029901,0.01583879480080508,0.02640182009198633,0.5710955022660875,0.8120770167694419,-4.968406713387304,9.48461864818398,20.490866741701733
245.0,8.552158557298352,21.892977178803402,-12.651187867657043,0.09850831178235048,0.015611326124098025,0.026304575238599436,0.5905847649991367,0.8168730806293153,-12.749143410201405,5.2580758082976695,19.63354634421794
246.0,46.172298004739766,21.00715742789704,15.8390631940849,0.08166123552786622,0.015345090457651015,0.02619562220117242,0.6072240848268322,0.8193282633274446,-16.029389214903777,0.7079475804538001,18.80894579282949
247.0,9.52527557057608,20.103196035172132,-9.678514912009787,0.0683133088602485,0.015048158407448832,0.026075695960927257,0.6191244554277242,0.8190864302001284,-12.078795241750315,-3.7263120845042135,18.03053860512207
248.0,0.8950994880976962,19.21521061388986,-2.7963710602045606,0.05894492979931637,0.014729691305638592,0.02594565212565827,0.6247052222826808,0.8160290079947989,-2.9978402882776045,-7.4451798643686145,17.311816650628046
249.0,19.56153220444375,18.372350259415448,-1.3191950298885662,0.05356445614286341,0.014399697587965304,0.025806552387994557,0.6230211896094701,0.8103286667791227,5.380028950207044,-9.879586372098355,16.66966049025138
250.0,4.212438433287133,17.599325478595144,-15.612519209676444,0.05188379186235487,0.014068779251126077,0.02565979205047795,0.6140020986104525,0.8024608658239607,7.851326310979593,-10.755530648425442,16.127557119928586
251.0,35.32072588332721,16.917655221320537,17.147409952998757,0.05349796058547516,0.013747882637640582,0.02550732129732036,0.5985089566720689,0.793157410353074,6.923706632711503,-10.158248399672749,15.707445155652268
252.0,9.033697589121576,16.346967052955723,-0.9163804192966906,0.058026108382796523,0.013448065110272063,0.025351849366358897,0.5781756972374952,0.7833031575350067,3.9842899504157647,-8.25804641005112,15.421326617028539
253.0,2.783204558477648,15.90591804924656,26.36724737927723,0.06518151268296965,0.013180285201531902,0.025196916552380405,0.5550883306918958,0.773797284277618,1.1350258986691613,-5.473545114895848,15.281506129936988
254.0,2.688589435417256,15.611807203135212,-40.73852785539685,0.07475149769735874,0.012955219033303903,0.025046667355696044,0.5314096064963264,0.7654135134592555,3.4379273162707804,-2.1936821775174455,15.305286091085739
255.0,26.381456294352677,15.478865465925082,27.6616909035377,0.08649213866126965,0.012783100805993958,0.02490515559642949,0.5090580134096964,0.7586928098254945,6.765817895830518,1.3439764905407188,15.502473759049193
256.0,5.5945393269876895,15.515670912681285,0.7263036731098976,0.09997750531723963,0.012673580627924754,0.024775235437671832,0.4895055837066618,0.753889015780527,-6.236787690148184,5.066464053129656,15.870546348455193
257.0,11.996498442304475,15.72248637825532,-2.421438166516023,0.11447574784829735,0.012635589546803102,0.024657390720629394,0.4737026483841118,0.7509704466656029,-27.90096315627237,8.666461493796564,16.399208555600854
258.0,5.802043715665411,16.088889569125417,12.797103842655837,0.12893259719237868,0.012677199903175177,0.0245489243253448,0.4620987325842638,0.7496664762384577,-34.29356505243931,11.616943139816977,17.056299902275843
259.0,3.2109942342707636,16.592522691613492,-26.54055424356706,0.14211077125546612,0.012805469413154108,0.024443995090347198,0.45471671922206497,0.7495413838957664,-17.317620712254897,13.470629815464896,17.796501229561912
260.0,33.287883063854714,17.19961688834564,1.3282178191502194,0.1528665361489955,0.013026259821048656,0.024334642854087225,0.4512450911831718,0.750077648144034,6.9419751028679215,13.774238381138082,18.566561576766148
261.0,88.47915277845907,17.86716921649629,57.522790381876554,0.1604720744284794,0.01334402538048291,0.024212370221163085,0.45112843852449974,0.7507547638893788,20.67257368635848,11.914151755545355,19.31587656423508
262.0,39.22743941993722,18.546146747474914,-14.925182616513132,0.16485430126324468,0.01376157238828189,0.024069836553985292,0.4536506918823615,0.7511147660158912,20.5431480874661,7.719399046854377,20.011720828125533
263.0,22.668431074475205,19.185574491150483,-14.755539091635134,0.16664289469063825,0.014279797836112213,0.023901984592251537,0.4580144007223577,0.7508100339893025,11.594897112521059,1.8453863446676149,20.635267723781933
264.0,14.113222832351576,19.73724888161972,-13.070285417417486,0.16699609138604835,0.014897422126083845,0.023706407649021072,0.4634212118437583,0.7496317570355082,0.24264328803695925,-4.247398692031422,21.17055483151594
265.0,11.906135512851549,20.15968623079396,-2.6092811454768348,0.1672658235776529,0.015610736821827408,0.023483092547807893,0.46915391064379786,0.7475188321856564,-5.869399106855854,-8.881364804487093,21.591514553986837
266.0,2.9013187770532785,20.421086830919943,12.18202887151223,0.16862824555256745,0.01641339273089964,0.023233642358600426,0.474652019928023,0.7445479202935554,-6.777644703159407,-10.871989884877328,21.86325262791863
267.0,6.9779526703661325,20.501196465519083,-6.3501549190903885,0.1718117444445736,0.017296255555104896,0.0229605345640815,0.4795665366675944,0.7409069611157164,-3.495435713562781,-9.869256999930823,21.950366002886003
268.0,31.70187482704583,20.392260351254823,17.595084836588086,0.1770026421430611,0.01824735547530098,0.022666359410455347,0.483780257586257,0.7368569027460501,2.457736494493426,-6.603996448775767,21.835179309449497
269.0,23.498898926691435,20.099186502672254,18.866776976564008,0.18392685522260882,0.01925195324607887,0.02235343887280264,0.48738954959666053,0.7326887944214769,9.570672843515434,-2.2029462496108834,21.49969028277978
270.0,65.93825169309483,19.638329888382998,13.445611689450224,0.1920332431602978,0.02029273888989811,0.022023528122697672,0.49065681244390646,0.7286841931898231,15.191635345703427,2.317074883874486,20.921019773714978
271.0,5.222640483847369,19.03521467376026,-65.63999555421435,0.20067346511358797,0.021350170439197284,0.02167766134188602,0.49395253152942187,0.7250851234737825,15.163537733196009,6.077478591111792,20.073886938655658
272.0,37.190305268542744,18.32180366885004,16.056931236412158,0.2091952869292718,0.02240295016607962,0.02131609954395032,0.49770614648634204,0.7220760988709436,7.126999224695335,8.50460506202438,18.938867318071846
273.0,13.158146924151024,17.533190180156794,-3.1355415773722135,0.21692781197152503,0.02342862530197693,0.020938206852485874,0.50237629905475,0.7197766032098516,-6.480709654706671,9.478478247159515,17.511414445397605
274.0,5.956207961575522,16.70411590536464,-17.435963941588117,0.22310568667763048,0.024404290363359706,0.020542637906445865,0.508438911983309,0.7182396574450517,-15.32520601382147,8.99291795959375,15.80382818959346
275.0,30.12494726953011,15.865950720667623,19.830468926134287,0.22681899521210958,0.025307359769726357,0.020127850084401867,0.5163825104312949,0.717451572826941,-15.653165066983307,7.185815675592504,13.84155483467911
276.0,11.485751427259071,15.044622525639266,35.992636620881875,0.22706506093023765,0.026116373201086066,0.019693212928914197,0.5266975500455542,0.7173296358021193,-13.897260802671775,4.475524628544329,11.667293556510478
277.0,0.44591009600757703,14.259887170592373,-43.42635419239798,0.22292323833778566,0.026811792586861977,0.01924031157464819,0.5398490698352749,0.7177176683614351,-8.04657005956913,1.4166660343468909,9.333234647265227
278.0,3.215676636837811,13.525654840270793,4.715136151942412,0.21380402903742451,0.0273767489632086,0.018774505691023156,0.5562258006940658,0.7183833934883805,3.1657291189722514,-1.4858019354613419,6.895318423611361
279.0,50.351953562620956,12.851464159030675,37.4033677711961,0.19967734382977245,0.027797699623332152,0.018305567986769734,0.5760604817583648,0.7190253148731746,11.281538319543435,-3.9218392629624703,4.412161834837556
280.0,22.568667569732877,12.244722107119207,24.160931762011426,0.1811857099123101,0.0280649607176634,0.01784837674978321,0.5993157528920552,0.7192987374423292,10.566653993857319,-5.695050237534073,1.9443182407149717
281.0,0.36347129282440005,11.713090970141206,-30.488099144175127,0.15959437107391844,0.02817308725811979,0.017422847207727653,0.6255332739295945,0.7188681460380548,7.231782883143533,-6.586770870348673,-0.45694227397667814
282.0,16.34042433374553,11.265989680612318,1.4640265669979247,0.13659578311073214,0.02812108075303915,0.017054073884776415,0.6536603873162221,0.7174841431606805,5.573207175912238,-6.582974381165999,-2.75347918962254
283.0,31.898559086681754,10.915276479735349,-5.019687918270815,0.11403780428558583,0.027912413817908613,0.016772692784941912,0.6819050661813886,0.7150679066294647,3.499388858370864,-5.773848860745219,-4.915636330237391
284.0,0.7138077927199118,10.675327570575684,6.968908697372932,0.09366054748448584,0.02755487046723311,0.01661412634711156,0.7077159386510463,0.7117705561408747,-2.239089549927233,-4.6166224284515875,-6.913847588468016
285.0,3.5948133903793305,10.561734861850002,-25.124115137842207,0.07690467624832481,0.02706020986100721,0.016615053319763894,0.728004011488816,0.7079702806304643,-6.171284882467582,-3.6653175830997813,-8.719424016514052
286.0,9.025661585846539,10.58817702874088,12.661958992014545,0.06481054144209411,0.02644363745080548,0.016810266374792774,0.7396687617743357,0.7041870542076475,-4.743114951120147,-3.353769698378637,-10.318481063113095
287.0,2.3808724852541654,10.76299534558807,-5.186795840378469,0.05798702185257567,0.02572317896025845,0.017222947831870273,0.7403489473797551,0.7009318110418792,-2.8624222417639817,-3.8741853830046544,-11.712799766302162
288.0,3.5954107864584115,11.086730251801832,-4.191050370190898,0.05661016472849458,0.02491887435646472,0.01785445630323507,0.7291499573063132,0.698544853771041,-0.5552902967407335,-5.247140381415752,-12.918284694560475
289.0,51.97247302907675,11.550471124860714,20.780348539062846,0.060420530781782576,0.024051829531706835,0.01867183208246731,0.7070270919910788,0.6970901046523179,2.5293407494329103,-7.226105861588131,-13.95038553328016
290.0,10.526605361031557,12.1353548787533,-7.079078731062277,0.06871637325100972,0.023143169859303453,0.019595187710449498,0.6766157823092658,0.6963453309416816,4.85089301269467,-9.423476440493786,-14.8251804586817
291.0,17.212646922872803,12.813955341706079,32.15795364074777,0.08037051746534948,0.022212871635208783,0.020488669125996107,0.6415532447889756,0.6958801498961267,2.4721236460576423,-11.50284907647458,-15.58168358659438
292.0,8.11140223077806,13.553201731803718,-19.42753051956939,0.09391459413125082,0.021278594251301897,0.021162036559051016,0.6055712808816217,0.6951768008409835,-5.1008753403643965,-13.127369889826241,-16.263137124731085
293.0,4.086554598611191,14.318229861609087,-16.529248537770446,0.10772465341727938,0.020354721008755572,0.021391633175976272,0.5717070351121611,0.6937450387803996,-6.479390100305877,-13.790590518564676,-16.89421000101755
294.0,10.61211186507462,15.076819706758927,35.385233113736696,0.1203079225795893,0.019451860419142573,0.020965221311309505,0.5418596247341564,0.6912052546142959,-0.5779504689699481,-13.099659439715367,-17.48680825033445
295.0,18.038160858612866,15.803543732987272,-17.892191409747,0.13064334302919534,0.018576985307649767,0.01974436086262624,0.5167262798381892,0.6873383382728382,7.895316042580042,-10.959968007422683,-18.049631076255885
296.0,2.5667456305689864,16.48351476485567,-32.62525918995515,0.13848693116432567,0.017734326551043133,0.017723136826053473,0.4960115003847265,0.6821083988667705,19.27086844079032,-7.5458676578833215,-18.593653295888647
297.0,53.82242635991765,17.1130499110464,46.76313203254018,0.14453515111859358,0.016926327957052106,0.015055186266492956,0.47876753290061475,0.6756565678810169,28.725347000222243,-3.1279696628556164,-19.105437887840086
298.0,12.284498157442336,17.69763786590535,-10.179981273393983,0.15035674215056213,0.01615349987529038,0.012028753217193999,0.46375926387333977,0.668256116309862,26.51719792434328,1.7506229121454873,-19.553744888745076
299.0,23.994217496095267,18.248812062640575,-20.138588598359757,0.15805634859079584,0.015414071471141636,0.008993061750419723,0.44979033638668775,0.6602249424597184,9.056998168225883,6.529271639790472,-19.904737438292724
300.0,8.509091485607316,18.779176662981122,-13.045927648225302,0.1697115608689544,0.014701284899634647,0.00626454587358463,0.4359484585712369,0.6518116728975388,-14.297391928765308,10.9370616950065,-20.125639257991452
301.0,0.3773756050369294,19.29676374953858,-0.10449069168127363,0.18670587467724373,0.014001122024796381,0.004051658838148318,0.4217355411749518,0.643086823801468,-28.324802823018796,14.928418983496199,-20.164445914378337
302.0,5.414311725954367,19.799593818237792,12.910776408275604,0.20914312460455214,0.01329138774479773,0.002425892653369077,0.40706591255079444,0.6338850982319154,-27.647819111804733,18.526003142923447,-19.97502716624844
303.0,6.292091159369165,20.2724877940045,-10.34822545726782,0.23554207653500864,0.012543506573930448,0.0013413801439972391,0.39215075510961134,0.623779825289817,-12.804527800753872,21.590189817220026,-19.47718447995799
304.0,4.141331204422197,20.68667869295372,-16.364807032503396,0.26294668744210614,0.011727082759215149,0.0006835957411848097,0.37732242926208076,0.6120504571659253,6.579368738005896,23.547199479042707,-18.571352692501588
305.0,12.433901336156534,21.002004692387736,-44.49209423156978,0.2874923345481328,0.01081606705756018,0.0003204534224071925,0.36286523464707576,0.5975645707188472,19.488487986035246,23.698528311361173,-17.13612518306354
306.0,188.35790436211855,21.171878838023936,86.1639221989099,0.30527382982608503,0.009794967058172064,0.00013792631816285128,0.34890196115228556,0.578612073385008,21.982366037339442,21.597686573385065,-15.057195879024922
307.0,5.9670557757151075,21.15077915718582,-75.90932603412662,0.3132766340965125,0.008664007135124557,5.429392015103877e-05,0.33535201539032483,0.5529910912944224,11.548185944900993,17.300519746568913,-12.364612080263774
308.0,6.852950993321857,20.902079111873288,-29.12255250953198,0.3100641392938314,0.007442684447100754,1.9359954497365107e-05,0.32194804491646195,0.5188220499173308,1.0386776085337779,11.5101918839787,-9.21273746557304
309.0,22.861174850140557,20.404589095838745,45.75580666260418,0.296001725961656,0.006170942206218359,6.086873071663941e-06,0.30828578418898556,0.4761740274758729,5.62538720029447,5.130581587623049,-5.765759622641274
310.0,49.05178134960868,19.6574361191263,-7.911720498275564,0.2729758565681445,0.004906428693804357,1.461681585387236e-06,0.2938846159209293,0.4285579425516093,12.499518886975324,-0.3891911891162388,-2.1687066863500806
311.0,14.947582959673458,18.68271811106834,-2.790455892681424,0.24374266650902943,0.0037163967999944737,0.0,0.27824572378211027,0.3826989790115847,5.308696230396602,-4.158374918743415,1.4379936070426356
312.0,1.791743641801274,17.52512793062708,3.5948622889278945,0.21120616465096825,0.002664790129465356,0.0,0.2609090328258096,0.34600152129917716,-7.2967528737910365,-6.631195802945956,4.893983631826167
313.0,35.1105209055888,16.24877469926696,29.773809470485563,0.17787913594622715,0.0017981731070297034,0.0,0.24152998627939576,0.3232236440886789,-14.520735275514822,-7.745346253632928,7.9598433067411705
314.0,9.722478467880398,14.931869779342577,-36.82989784411172,0.14568586647423415,0.0011358979861041077,0.0,0.22001815499955038,0.314755459280245,-17.448516084050258,-7.146091080865669,10.261553517716193
315.0,9.238368820732074,13.659926778848314,-13.317914951903262,0.11607203514186756,0.0006686478920480548,0.0,0.19677745265252786,0.31740651757852545,-15.78529421994031,-4.776122197264018,11.32864528593838
316.0,3.5504750025572127,12.518406218707181,6.689998525980911,0.09025312024960028,0.0003657589045463013,0.0,0.17301572984485458,0.32649668267563403,-5.0936369287372285,-1.415781402445532,10.786849449290663
317.0,13.811661759312521,11.585352862756068,-5.070974667796765,0.06940489719678211,0.0001863004934465496,0.0,0.15094309452143775,0.33755503028478123,6.998813866590647,1.434950535633619,8.540179210313598
318.0,23.269809020661327,10.924963037195834,12.831382034195821,0.05467633138893392,9.123263614308462e-05,0.0,0.13356678473005196,0.3470246129640765,10.87439529324937,2.1252792620390593,4.704964198001475
319.0,6.504898209698931,10.582881608781573,-1.1842378929335002e-15,0.0470323484888661,5.136163423325035e-05,0.0,0.1239133924757683,0.3524167799893815,4.255854927729767e-16,9.483155002006545e-16,-1.8549976369778656e-15
